LOKIASV2_0713_ESMFold_NOG1_family_protein	af_Q58803_167_347_3.40.50.300	af_Q58803_167_347_3.40.50.300	2.712E-13	1.000	581	167	338	347	3	165	181	173	0.496	0.901
LOKIASV2_0713_ESMFold_NOG1_family_protein	af_Q58803_4_165_1.20.120.1190	af_Q58803_4_165_1.20.120.1190	1.995E-09	1.000	459	4	162	347	3	162	162	164	0.458	0.988
LOKIASV2_0713_ESMFold_NOG1_family_protein	af_Q54LG9_160_346_3.40.50.300	af_Q54LG9_160_346_3.40.50.300	1.093E-10	1.000	430	162	338	347	1	183	187	190	0.510	0.979
LOKIASV2_0713_ESMFold_NOG1_family_protein	2e87A01	2e87A01	8.728E-09	1.000	415	3	162	347	1	158	158	164	0.461	1.000
LOKIASV2_0713_ESMFold_NOG1_family_protein	af_Q7EZC9_256_456_3.40.50.300	af_Q7EZC9_256_456_3.40.50.300	1.877E-11	1.000	415	162	342	347	1	183	201	198	0.522	0.910
LOKIASV2_0713_ESMFold_NOG1_family_protein	2qu8A00	2qu8A00	3.022E-11	1.000	396	161	347	347	1	194	194	206	0.539	1.000
LOKIASV2_0713_ESMFold_NOG1_family_protein	af_F4I4A6_31_190_1.20.120.1190	af_F4I4A6_31_190_1.20.120.1190	3.156E-08	1.000	394	1	161	347	1	160	160	161	0.464	1.000
LOKIASV2_0713_ESMFold_NOG1_family_protein	af_Q54LG9_4_159_1.20.120.1190	af_Q54LG9_4_159_1.20.120.1190	8.431E-07	1.000	343	6	161	347	3	156	156	156	0.450	0.987
LOKIASV2_0713_ESMFold_NOG1_family_protein	af_Q9VLN0_205_380_3.40.50.300	af_Q9VLN0_205_380_3.40.50.300	2.056E-08	1.000	335	171	342	347	4	168	176	175	0.496	0.938
LOKIASV2_0713_ESMFold_NOG1_family_protein	af_F4I4A6_191_390_3.40.50.300	af_F4I4A6_191_390_3.40.50.300	3.704E-09	1.000	321	162	329	347	1	177	200	182	0.484	0.885
LOKIASV2_0713_ESMFold_NOG1_family_protein	af_A0A0R0IZY4_87_243_1.20.120.1190	af_A0A0R0IZY4_87_243_1.20.120.1190	2.083E-06	1.000	316	5	159	347	2	155	157	156	0.447	0.981
LOKIASV2_0713_ESMFold_NOG1_family_protein	af_Q8I1U1_441_630_3.40.50.300	af_Q8I1U1_441_630_3.40.50.300	2.488E-08	1.000	305	164	346	347	3	184	190	192	0.527	0.958
LOKIASV2_0713_ESMFold_NOG1_family_protein	af_O45691_188_358_3.40.50.300	af_O45691_188_358_3.40.50.300	8.997E-08	1.000	299	171	341	347	4	170	171	175	0.493	0.977
LOKIASV2_0713_ESMFold_NOG1_family_protein	af_Q59PR1_373_547_3.40.50.300	af_Q59PR1_373_547_3.40.50.300	3.579E-07	1.000	295	171	335	347	4	165	175	168	0.476	0.926
LOKIASV2_0713_ESMFold_NOG1_family_protein	5m04A02	5m04A02	5.589E-08	1.000	292	168	342	347	1	176	180	184	0.504	0.978
LOKIASV2_0713_ESMFold_NOG1_family_protein	af_A0A1D6F3W0_466_646_3.40.50.300	af_A0A1D6F3W0_466_646_3.40.50.300	1.838E-07	1.000	286	171	342	347	4	171	181	176	0.496	0.928
LOKIASV2_0713_ESMFold_NOG1_family_protein	af_Q4CQ87_202_421_3.40.50.300	af_Q4CQ87_202_421_3.40.50.300	8.179E-08	1.000	282	171	346	347	3	197	220	203	0.507	0.886
LOKIASV2_0713_ESMFold_NOG1_family_protein	af_Q9LIS0_15_181_1.20.120.1190	af_Q9LIS0_15_181_1.20.120.1190	5.662E-06	1.000	272	3	161	347	2	167	167	167	0.458	0.994
LOKIASV2_0713_ESMFold_NOG1_family_protein	1udxA02	1udxA02	2.689E-07	1.000	272	171	342	347	6	171	174	175	0.496	0.954
LOKIASV2_0713_ESMFold_NOG1_family_protein	af_Q54X21_154_332_3.40.50.300	af_Q54X21_154_332_3.40.50.300	1.088E-07	1.000	267	171	340	347	2	173	179	184	0.490	0.961
LOKIASV2_0713_ESMFold_NOG1_family_protein	af_P9WMT1_160_350_3.40.50.300	af_P9WMT1_160_350_3.40.50.300	7.666E-07	1.000	262	171	347	347	3	187	191	191	0.510	0.969
LOKIASV2_0713_ESMFold_NOG1_family_protein	af_K7K3X8_315_495_3.40.50.300	af_K7K3X8_315_495_3.40.50.300	1.722E-06	1.000	261	171	343	347	4	176	181	180	0.499	0.956
LOKIASV2_0713_ESMFold_NOG1_family_protein	af_I1KNQ6_21_217_3.40.50.300	af_I1KNQ6_21_217_3.40.50.300	3.753E-07	1.000	256	164	347	347	16	197	197	200	0.530	0.924
LOKIASV2_0713_ESMFold_NOG1_family_protein	af_Q6DHF7_148_356_3.40.50.300	af_Q6DHF7_148_356_3.40.50.300	5.493E-07	1.000	255	171	344	347	4	200	209	203	0.501	0.943
LOKIASV2_0713_ESMFold_NOG1_family_protein	af_Q9UT06_238_417_3.40.50.300	af_Q9UT06_238_417_3.40.50.300	3.198E-06	1.000	254	171	343	347	2	179	180	181	0.499	0.989
LOKIASV2_0713_ESMFold_NOG1_family_protein	af_Q2R1U5_327_493_3.40.50.300	af_Q2R1U5_327_493_3.40.50.300	2.292E-06	1.000	248	168	343	347	1	166	167	178	0.507	0.994
LOKIASV2_0713_ESMFold_NOG1_family_protein	3a1tA01	3a1tA01	8.431E-07	1.000	248	168	339	347	2	161	168	180	0.496	0.952
LOKIASV2_0713_ESMFold_NOG1_family_protein	af_Q58330_1_185_3.40.50.300	af_Q58330_1_185_3.40.50.300	4.994E-07	1.000	248	164	341	347	1	184	185	193	0.513	0.995
LOKIASV2_0713_ESMFold_NOG1_family_protein	af_O33230_270_440_3.40.50.300	af_O33230_270_440_3.40.50.300	2.907E-06	1.000	237	169	338	347	2	165	171	183	0.490	0.959
LOKIASV2_0713_ESMFold_NOG1_family_protein	af_F4KFX1_115_293_3.40.50.300	af_F4KFX1_115_293_3.40.50.300	9.115E-06	1.000	230	165	343	347	1	173	179	188	0.516	0.966
LOKIASV2_0713_ESMFold_NOG1_family_protein	af_Q58735_1_154_3.40.50.300	af_Q58735_1_154_3.40.50.300	9.115E-06	1.000	226	164	338	347	1	152	154	180	0.504	0.987
LOKIASV2_0713_ESMFold_NOG1_family_protein	2wjhB00	2wjhB00	1.156E-05	1.000	225	169	342	347	4	165	166	181	0.501	0.976
LOKIASV2_0713_ESMFold_NOG1_family_protein	af_Q8VZ74_124_309_3.40.50.300	af_Q8VZ74_124_309_3.40.50.300	1.894E-06	1.000	222	165	338	347	1	171	186	185	0.501	0.919
LOKIASV2_0713_ESMFold_NOG1_family_protein	af_Q58526_182_349_3.40.50.300	af_Q58526_182_349_3.40.50.300	1.213E-05	1.000	213	171	338	347	2	163	168	179	0.484	0.964
LOKIASV2_0713_ESMFold_NOG1_family_protein	2dykB00	2dykB00	4.386E-05	1.000	211	168	338	347	1	147	150	176	0.493	0.980
LOKIASV2_0713_ESMFold_NOG1_family_protein	af_Q8IIM7_459_633_3.40.50.300	af_Q8IIM7_459_633_3.40.50.300	2.772E-06	1.000	211	170	342	347	2	172	175	195	0.499	0.977
LOKIASV2_0713_ESMFold_NOG1_family_protein	af_Q55EM7_210_411_3.40.50.300	af_Q55EM7_210_411_3.40.50.300	4.255E-06	1.000	208	164	338	347	18	191	202	197	0.504	0.861
LOKIASV2_0713_ESMFold_NOG1_family_protein	af_Q2G2D0_205_378_3.40.50.300	af_Q2G2D0_205_378_3.40.50.300	2.148E-05	1.000	207	164	347	347	1	172	174	198	0.530	0.989
LOKIASV2_0713_ESMFold_NOG1_family_protein	af_X1WE07_309_477_3.40.50.300	af_X1WE07_309_477_3.40.50.300	3.457E-05	1.000	204	168	344	347	1	167	169	184	0.510	0.988
LOKIASV2_0713_ESMFold_NOG1_family_protein	af_A0A5K1K870_59_287_3.40.50.300	af_A0A5K1K870_59_287_3.40.50.300	4.680E-06	1.000	202	169	339	347	5	228	229	238	0.493	0.978
LOKIASV2_0713_ESMFold_NOG1_family_protein	1wf3A01	1wf3A01	1.862E-05	1.000	199	170	338	347	7	167	182	176	0.487	0.885
LOKIASV2_0713_ESMFold_NOG1_family_protein	af_A0A0G2QC52_37_246_3.40.50.300	af_A0A0G2QC52_37_246_3.40.50.300	2.997E-05	1.000	199	167	347	347	11	174	210	184	0.522	0.781
LOKIASV2_0713_ESMFold_NOG1_family_protein	3pr1A00	3pr1A00	1.334E-05	1.000	197	169	338	347	23	169	172	180	0.490	0.855
LOKIASV2_0713_ESMFold_NOG1_family_protein	4nonB01	4nonB01	6.420E-05	1.000	196	168	335	347	1	153	169	178	0.484	0.905
LOKIASV2_0713_ESMFold_NOG1_family_protein	1lnzB02	1lnzB02	1.250E-04	1.000	191	168	342	347	1	151	158	177	0.504	0.956
LOKIASV2_0713_ESMFold_NOG1_family_protein	1wb2A01	1wb2A01	3.143E-05	1.000	191	164	341	347	1	157	163	188	0.513	0.963
LOKIASV2_0713_ESMFold_NOG1_family_protein	af_Q8IR98_1_214_3.40.50.300	af_Q8IR98_1_214_3.40.50.300	3.626E-05	1.000	191	168	341	347	7	171	214	183	0.501	0.771
LOKIASV2_0713_ESMFold_NOG1_family_protein	af_Q20446_235_404_3.40.50.300	af_Q20446_235_404_3.40.50.300	1.033E-04	1.000	190	170	338	347	2	161	170	176	0.487	0.941
LOKIASV2_0713_ESMFold_NOG1_family_protein	af_F6NU44_578_770_3.40.50.300	af_F6NU44_578_770_3.40.50.300	5.060E-05	1.000	188	168	344	347	9	174	193	184	0.510	0.860
LOKIASV2_0713_ESMFold_NOG1_family_protein	af_P25519_197_367_3.40.50.300	af_P25519_197_367_3.40.50.300	1.156E-05	1.000	185	169	336	347	2	161	171	183	0.484	0.936
LOKIASV2_0713_ESMFold_NOG1_family_protein	af_Q4DHV0_96_293_3.40.50.300	af_Q4DHV0_96_293_3.40.50.300	9.560E-06	1.000	185	161	337	347	12	192	198	200	0.510	0.914
LOKIASV2_0713_ESMFold_NOG1_family_protein	af_Q2FV72_1_160_3.40.50.300	af_Q2FV72_1_160_3.40.50.300	7.405E-05	1.000	182	168	341	347	1	156	160	181	0.501	0.975
LOKIASV2_0713_ESMFold_NOG1_family_protein	af_A4I5R5_4_179_3.40.50.300	af_A4I5R5_4_179_3.40.50.300	7.405E-05	1.000	181	167	345	347	10	175	176	193	0.516	0.943
LOKIASV2_0713_ESMFold_NOG1_family_protein	af_Q4E002_14_200_3.40.50.300	af_Q4E002_14_200_3.40.50.300	2.725E-05	1.000	181	168	343	347	2	178	187	204	0.507	0.947
LOKIASV2_0713_ESMFold_NOG1_family_protein	af_A0A0R4J5M7_2_197_3.40.50.300	af_A0A0R4J5M7_2_197_3.40.50.300	6.420E-05	1.000	181	168	343	347	7	171	196	186	0.507	0.842
LOKIASV2_0713_ESMFold_NOG1_family_protein	af_Q2FYG0_2_163_3.40.50.300	af_Q2FYG0_2_163_3.40.50.300	8.959E-05	1.000	180	168	340	347	2	162	162	187	0.499	0.994
LOKIASV2_0713_ESMFold_NOG1_family_protein	4jvsB00	4jvsB00	9.854E-05	1.000	180	168	343	347	5	169	170	183	0.507	0.971
LOKIASV2_0713_ESMFold_NOG1_family_protein	af_Q9SUJ6_92_276_3.40.50.300	af_Q9SUJ6_92_276_3.40.50.300	6.121E-05	1.000	180	167	345	347	7	178	185	189	0.516	0.930
LOKIASV2_0713_ESMFold_NOG1_family_protein	af_Q8IL49_94_294_3.40.50.300	af_Q8IL49_94_294_3.40.50.300	2.252E-05	1.000	179	161	339	347	12	193	201	201	0.516	0.905
LOKIASV2_0713_ESMFold_NOG1_family_protein	af_Q8IEJ7_196_382_3.40.50.300	af_Q8IEJ7_196_382_3.40.50.300	3.803E-05	1.000	175	168	342	347	17	186	187	206	0.504	0.909
LOKIASV2_0713_ESMFold_NOG1_family_protein	af_Q8IRK9_1_195_3.40.50.300	af_Q8IRK9_1_195_3.40.50.300	1.084E-04	1.000	175	168	343	347	7	173	195	192	0.507	0.856
LOKIASV2_0713_ESMFold_NOG1_family_protein	af_Q54XX1_80_289_3.40.50.300	af_Q54XX1_80_289_3.40.50.300	3.626E-05	1.000	175	165	338	347	1	208	210	220	0.501	0.990
LOKIASV2_0713_ESMFold_NOG1_family_protein	af_Q556U0_4_181_3.40.50.300	af_Q556U0_4_181_3.40.50.300	1.442E-04	1.000	174	169	346	347	2	169	178	186	0.513	0.944
LOKIASV2_0713_ESMFold_NOG1_family_protein	af_O50391_4_190_3.40.50.300	af_O50391_4_190_3.40.50.300	1.745E-04	1.000	174	168	343	347	10	184	187	195	0.507	0.936
LOKIASV2_0713_ESMFold_NOG1_family_protein	af_E9QDA3_1755_1950_3.40.50.300	af_E9QDA3_1755_1950_3.40.50.300	9.396E-05	1.000	174	170	342	347	15	175	196	182	0.499	0.821
LOKIASV2_0713_ESMFold_NOG1_family_protein	1z2aA00	1z2aA00	1.084E-04	1.000	171	169	339	347	3	161	164	177	0.493	0.970
LOKIASV2_0713_ESMFold_NOG1_family_protein	af_F1RAB1_99_266_3.40.50.300	af_F1RAB1_99_266_3.40.50.300	6.420E-05	1.000	170	168	337	347	2	167	168	181	0.490	0.988
LOKIASV2_0713_ESMFold_NOG1_family_protein	4rkfA00	4rkfA00	1.442E-04	1.000	170	168	342	347	6	169	171	192	0.504	0.959
LOKIASV2_0713_ESMFold_NOG1_family_protein	af_K7L4U0_2_188_3.40.50.300	af_K7L4U0_2_188_3.40.50.300	5.307E-05	1.000	170	170	347	347	2	172	187	201	0.513	0.914
LOKIASV2_0713_ESMFold_NOG1_family_protein	af_Q4E1N9_87_280_3.40.50.300	af_Q4E1N9_87_280_3.40.50.300	1.513E-04	1.000	170	168	339	347	4	181	194	188	0.496	0.918
LOKIASV2_0713_ESMFold_NOG1_family_protein	af_F4HXI5_9_190_3.40.50.300	af_F4HXI5_9_190_3.40.50.300	1.830E-04	1.000	169	168	338	347	9	177	182	189	0.493	0.929
LOKIASV2_0713_ESMFold_NOG1_family_protein	af_Q9XWR6_21_208_3.40.50.300	af_Q9XWR6_21_208_3.40.50.300	8.145E-05	1.000	169	168	344	347	15	182	188	187	0.510	0.894
LOKIASV2_0713_ESMFold_NOG1_family_protein	af_Q1ZXE7_41_224_3.40.50.300	af_Q1ZXE7_41_224_3.40.50.300	1.513E-04	1.000	168	161	343	347	3	175	184	193	0.527	0.940
LOKIASV2_0713_ESMFold_NOG1_family_protein	af_P38146_1_195_3.40.50.300	af_P38146_1_195_3.40.50.300	8.959E-05	1.000	168	168	338	347	4	166	195	180	0.493	0.836
LOKIASV2_0713_ESMFold_NOG1_family_protein	af_A4HUM8_9_216_3.40.50.300	af_A4HUM8_9_216_3.40.50.300	5.565E-05	1.000	168	168	344	347	6	176	208	196	0.510	0.822
LOKIASV2_0713_ESMFold_NOG1_family_protein	af_Q54RY4_1_233_3.40.50.300	af_Q54RY4_1_233_3.40.50.300	1.156E-05	1.000	168	161	340	347	1	205	233	224	0.519	0.880
LOKIASV2_0713_ESMFold_NOG1_family_protein	af_A0A1D8PCX9_2_190_3.40.50.300	af_A0A1D8PCX9_2_190_3.40.50.300	5.837E-05	1.000	167	165	339	347	6	177	189	191	0.504	0.910
LOKIASV2_0713_ESMFold_NOG1_family_protein	af_P40617_9_198_3.40.50.300	af_P40617_9_198_3.40.50.300	1.830E-04	1.000	167	170	344	347	14	182	190	187	0.504	0.889
LOKIASV2_0713_ESMFold_NOG1_family_protein	af_Q55CB0_9_183_3.40.50.300	af_Q55CB0_9_183_3.40.50.300	1.192E-04	1.000	166	165	337	347	3	163	175	178	0.499	0.920
LOKIASV2_0713_ESMFold_NOG1_family_protein	af_Q4DJA9_27_206_3.40.50.300	af_Q4DJA9_27_206_3.40.50.300	1.084E-04	1.000	166	168	338	347	6	167	180	184	0.493	0.900
LOKIASV2_0713_ESMFold_NOG1_family_protein	af_F8W2W4_28_250_3.40.50.300	af_F8W2W4_28_250_3.40.50.300	8.145E-05	1.000	166	169	344	347	2	184	223	196	0.507	0.821
LOKIASV2_0713_ESMFold_NOG1_family_protein	af_O35963_32_202_3.40.50.300	af_O35963_32_202_3.40.50.300	2.678E-04	1.000	165	168	342	347	2	170	171	186	0.504	0.988
LOKIASV2_0713_ESMFold_NOG1_family_protein	3w5jA00	3w5jA00	7.061E-05	1.000	165	168	341	347	2	156	194	182	0.501	0.799
LOKIASV2_0713_ESMFold_NOG1_family_protein	af_A0A2R8QU83_45_267_3.40.50.300	af_A0A2R8QU83_45_267_3.40.50.300	1.442E-04	1.000	165	169	344	347	3	186	223	196	0.507	0.825
LOKIASV2_0713_ESMFold_NOG1_family_protein	4d0gA01	4d0gA01	1.137E-04	1.000	164	168	331	347	3	155	166	177	0.473	0.922
LOKIASV2_0713_ESMFold_NOG1_family_protein	af_A5WW21_462_661_3.40.50.300	af_A5WW21_462_661_3.40.50.300	3.296E-05	1.000	164	168	343	347	4	174	200	202	0.507	0.855
LOKIASV2_0713_ESMFold_NOG1_family_protein	af_Q18510_5_189_3.40.50.300	af_Q18510_5_189_3.40.50.300	2.322E-04	1.000	163	166	347	347	9	185	185	196	0.524	0.957
LOKIASV2_0713_ESMFold_NOG1_family_protein	af_Q4DSV2_4_190_3.40.50.300	af_Q4DSV2_4_190_3.40.50.300	8.959E-05	1.000	163	169	346	347	8	173	187	195	0.513	0.888
LOKIASV2_0713_ESMFold_NOG1_family_protein	af_Q96E17_23_225_3.40.50.300	af_Q96E17_23_225_3.40.50.300	1.311E-04	1.000	163	168	338	347	8	167	203	188	0.493	0.788
LOKIASV2_0713_ESMFold_NOG1_family_protein	af_Q09654_360_535_3.40.50.300	af_Q09654_360_535_3.40.50.300	6.017E-04	1.000	162	169	344	347	11	175	176	184	0.507	0.938
LOKIASV2_0713_ESMFold_NOG1_family_protein	af_Q54DF4_2_175_3.40.50.300	af_Q54DF4_2_175_3.40.50.300	2.809E-04	1.000	161	168	342	347	10	173	174	194	0.504	0.943
LOKIASV2_0713_ESMFold_NOG1_family_protein	af_Q6PHN9_1_201_3.40.50.300	af_Q6PHN9_1_201_3.40.50.300	1.084E-04	1.000	161	168	343	347	8	175	201	189	0.507	0.836
LOKIASV2_0713_ESMFold_NOG1_family_protein	af_B8JLT8_11_219_3.40.50.300	af_B8JLT8_11_219_3.40.50.300	1.513E-04	1.000	161	169	344	347	3	186	209	198	0.507	0.880
LOKIASV2_0713_ESMFold_NOG1_family_protein	af_Q969Q4_3_174_3.40.50.300	af_Q969Q4_3_174_3.40.50.300	5.216E-04	1.000	160	167	336	347	9	167	172	181	0.490	0.924
LOKIASV2_0713_ESMFold_NOG1_family_protein	1lnzA02	1lnzA02	3.920E-04	1.000	160	168	342	347	1	168	180	178	0.504	0.933
LOKIASV2_0713_ESMFold_NOG1_family_protein	af_O17788_2_199_3.40.50.300	af_O17788_2_199_3.40.50.300	1.919E-04	1.000	160	168	344	347	6	171	198	189	0.510	0.838
LOKIASV2_0713_ESMFold_NOG1_family_protein	af_A4I7N3_1_200_3.40.50.300	af_A4I7N3_1_200_3.40.50.300	2.013E-04	1.000	160	168	342	347	8	174	200	190	0.504	0.835
LOKIASV2_0713_ESMFold_NOG1_family_protein	af_Q9VSN9_42_244_3.40.50.300	af_Q9VSN9_42_244_3.40.50.300	3.803E-05	1.000	160	167	338	347	6	201	203	214	0.496	0.966
LOKIASV2_0713_ESMFold_NOG1_family_protein	2gilC00	2gilC00	3.398E-04	1.000	159	170	339	347	2	160	161	188	0.490	0.988
LOKIASV2_0713_ESMFold_NOG1_family_protein	af_A0A1D8PFT9_1_187_3.40.50.300	af_A0A1D8PFT9_1_187_3.40.50.300	4.182E-05	1.000	159	165	331	347	7	171	187	188	0.481	0.882
LOKIASV2_0713_ESMFold_NOG1_family_protein	af_Q552H0_127_342_3.40.50.300	af_Q552H0_127_342_3.40.50.300	2.013E-04	1.000	159	168	343	347	9	178	216	188	0.507	0.787
LOKIASV2_0713_ESMFold_NOG1_family_protein	af_Q4E5H4_4_199_3.40.50.300	af_Q4E5H4_4_199_3.40.50.300	1.830E-04	1.000	158	169	344	347	7	177	196	196	0.507	0.872
LOKIASV2_0713_ESMFold_NOG1_family_protein	af_P36019_9_215_3.40.50.300	af_P36019_9_215_3.40.50.300	6.420E-05	1.000	158	168	338	347	4	169	207	190	0.493	0.802
LOKIASV2_0713_ESMFold_NOG1_family_protein	af_Q4E583_149_371_3.40.50.300	af_Q4E583_149_371_3.40.50.300	9.396E-05	1.000	158	169	336	347	9	218	223	230	0.484	0.942
LOKIASV2_0713_ESMFold_NOG1_family_protein	af_C6TAN4_30_240_3.40.50.300	af_C6TAN4_30_240_3.40.50.300	2.013E-04	1.000	157	169	338	347	4	204	211	219	0.490	0.953
LOKIASV2_0713_ESMFold_NOG1_family_protein	af_O13950_28_226_3.40.50.300	af_O13950_28_226_3.40.50.300	8.145E-05	1.000	156	161	338	347	3	197	199	219	0.513	0.980
LOKIASV2_0713_ESMFold_NOG1_family_protein	af_Q55FU9_2_202_3.40.50.300	af_Q55FU9_2_202_3.40.50.300	1.586E-04	1.000	156	169	344	347	7	173	201	192	0.507	0.831
LOKIASV2_0713_ESMFold_NOG1_family_protein	af_Q9SN35_6_212_3.40.50.300	af_Q9SN35_6_212_3.40.50.300	1.375E-04	1.000	156	168	344	347	8	179	207	198	0.510	0.831
LOKIASV2_0713_ESMFold_NOG1_family_protein	af_A0A0R4IYU8_62_269_3.40.50.300	af_A0A0R4IYU8_62_269_3.40.50.300	3.920E-04	1.000	156	168	344	347	2	186	208	198	0.510	0.889
LOKIASV2_0713_ESMFold_NOG1_family_protein	af_R4GDV0_275_482_3.40.50.300	af_R4GDV0_275_482_3.40.50.300	9.396E-05	1.000	156	169	347	347	1	179	208	197	0.516	0.861
LOKIASV2_0713_ESMFold_NOG1_family_protein	af_Q9W0A7_55_263_3.40.50.300	af_Q9W0A7_55_263_3.40.50.300	2.013E-04	1.000	156	161	336	347	3	170	209	186	0.507	0.804
LOKIASV2_0713_ESMFold_NOG1_family_protein	af_P34443_8_180_3.40.50.300	af_P34443_8_180_3.40.50.300	4.522E-04	1.000	155	169	338	347	7	165	173	177	0.490	0.919
LOKIASV2_0713_ESMFold_NOG1_family_protein	af_P34143_1_194_3.40.50.300	af_P34143_1_194_3.40.50.300	2.946E-04	1.000	155	168	343	347	6	172	194	191	0.507	0.861
LOKIASV2_0713_ESMFold_NOG1_family_protein	af_P38987_13_225_3.40.50.300	af_P38987_13_225_3.40.50.300	3.737E-04	1.000	155	169	334	347	9	167	213	181	0.478	0.746
LOKIASV2_0713_ESMFold_NOG1_family_protein	af_Q54SV1_1_230_3.40.50.300	af_Q54SV1_1_230_3.40.50.300	2.809E-04	1.000	155	168	347	347	11	181	230	195	0.519	0.743
LOKIASV2_0713_ESMFold_NOG1_family_protein	1puiB00	1puiB00	3.920E-04	1.000	154	165	340	347	12	162	164	188	0.507	0.921
LOKIASV2_0713_ESMFold_NOG1_family_protein	af_P39110_5_190_3.40.50.300	af_P39110_5_190_3.40.50.300	2.946E-04	1.000	154	168	338	347	12	181	186	195	0.493	0.914
LOKIASV2_0713_ESMFold_NOG1_family_protein	af_P35288_3_198_3.40.50.300	af_P35288_3_198_3.40.50.300	3.737E-04	1.000	154	169	343	347	8	174	196	189	0.504	0.852
LOKIASV2_0713_ESMFold_NOG1_family_protein	af_Q21137_1_209_3.40.50.300	af_Q21137_1_209_3.40.50.300	7.279E-04	1.000	153	168	342	347	6	170	209	185	0.504	0.789
LOKIASV2_0713_ESMFold_NOG1_family_protein	af_Q54KM9_5_200_3.40.50.300	af_Q54KM9_5_200_3.40.50.300	4.742E-04	1.000	152	168	340	347	7	170	196	183	0.499	0.837
LOKIASV2_0713_ESMFold_NOG1_family_protein	af_D3ZCK2_2_184_3.40.50.300	af_D3ZCK2_2_184_3.40.50.300	1.745E-04	1.000	151	168	336	347	3	163	183	179	0.487	0.880
LOKIASV2_0713_ESMFold_NOG1_family_protein	af_Q54RY4_8_201_3.40.50.300	af_Q54RY4_8_201_3.40.50.300	6.733E-05	1.000	151	168	332	347	1	190	194	209	0.476	0.979
LOKIASV2_0713_ESMFold_NOG1_family_protein	af_I1KT12_7_207_3.40.50.300	af_I1KT12_7_207_3.40.50.300	4.311E-04	1.000	151	169	337	347	4	161	201	181	0.487	0.786
LOKIASV2_0713_ESMFold_NOG1_family_protein	af_Q559E8_32_153_1.20.120.1190	af_Q559E8_32_153_1.20.120.1190	2.587E-02	1.000	150	44	162	347	4	122	122	119	0.343	0.975
LOKIASV2_0713_ESMFold_NOG1_family_protein	af_Q498P3_22_213_3.40.50.300	af_Q498P3_22_213_3.40.50.300	1.919E-04	1.000	150	168	342	347	3	181	192	203	0.504	0.932
LOKIASV2_0713_ESMFold_NOG1_family_protein	af_Q5JM78_110_312_3.40.50.300	af_Q5JM78_110_312_3.40.50.300	2.678E-04	1.000	150	161	338	347	18	199	203	202	0.513	0.897
LOKIASV2_0713_ESMFold_NOG1_family_protein	af_A0A0P0WAT9_121_333_3.40.50.300	af_A0A0P0WAT9_121_333_3.40.50.300	1.919E-04	1.000	150	169	346	347	3	198	213	207	0.513	0.920
LOKIASV2_0713_ESMFold_NOG1_family_protein	af_A4HUK3_2_208_3.40.50.300	af_A4HUK3_2_208_3.40.50.300	3.564E-04	1.000	149	165	337	347	1	164	207	185	0.499	0.792
LOKIASV2_0713_ESMFold_NOG1_family_protein	af_Q54P07_3_218_3.40.50.300	af_Q54P07_3_218_3.40.50.300	1.745E-04	1.000	149	165	344	347	1	178	216	209	0.519	0.824
LOKIASV2_0713_ESMFold_NOG1_family_protein	af_Q54YY4_2_171_3.40.50.300	af_Q54YY4_2_171_3.40.50.300	6.017E-04	1.000	148	168	336	347	4	165	170	182	0.487	0.953
LOKIASV2_0713_ESMFold_NOG1_family_protein	3kxkA02	3kxkA02	3.089E-04	1.000	147	168	342	347	1	165	170	191	0.504	0.971
LOKIASV2_0713_ESMFold_NOG1_family_protein	af_Q64008_51_235_3.40.50.300	af_Q64008_51_235_3.40.50.300	2.809E-04	1.000	147	168	343	347	2	179	185	202	0.507	0.962
LOKIASV2_0713_ESMFold_NOG1_family_protein	af_Q76NM7_16_203_3.40.50.300	af_Q76NM7_16_203_3.40.50.300	3.398E-04	1.000	147	160	343	347	9	186	188	208	0.530	0.947
LOKIASV2_0713_ESMFold_NOG1_family_protein	af_Q54HZ7_1_189_3.40.50.300	af_Q54HZ7_1_189_3.40.50.300	4.522E-04	1.000	147	164	344	347	1	178	189	204	0.522	0.942
LOKIASV2_0713_ESMFold_NOG1_family_protein	af_A0A2R9YJI0_40_250_3.40.50.300	af_A0A2R9YJI0_40_250_3.40.50.300	1.137E-04	1.000	147	168	347	347	11	191	211	207	0.519	0.858
LOKIASV2_0713_ESMFold_NOG1_family_protein	af_Q7KWT0_2_215_3.40.50.300	af_Q7KWT0_2_215_3.40.50.300	2.214E-04	1.000	147	168	344	347	9	182	214	194	0.510	0.813
LOKIASV2_0713_ESMFold_NOG1_family_protein	af_Q54S62_7_180_3.40.50.300	af_Q54S62_7_180_3.40.50.300	2.809E-04	1.000	146	168	340	347	1	159	174	181	0.499	0.914
LOKIASV2_0713_ESMFold_NOG1_family_protein	3clvA00	3clvA00	9.235E-04	1.000	146	168	343	347	7	173	175	189	0.507	0.954
LOKIASV2_0713_ESMFold_NOG1_family_protein	af_Q8MXQ2_7_223_3.40.50.300	af_Q8MXQ2_7_223_3.40.50.300	5.470E-04	1.000	146	168	343	347	23	188	217	186	0.507	0.765
LOKIASV2_0713_ESMFold_NOG1_family_protein	af_A1DZY4_35_210_3.40.50.300	af_A1DZY4_35_210_3.40.50.300	6.017E-04	1.000	144	169	342	347	3	174	176	190	0.501	0.977
LOKIASV2_0713_ESMFold_NOG1_family_protein	af_Q86JC8_2_196_3.40.50.300	af_Q86JC8_2_196_3.40.50.300	6.310E-04	1.000	144	164	347	347	1	174	195	196	0.530	0.892
LOKIASV2_0713_ESMFold_NOG1_family_protein	af_F1QKK3_6_188_3.40.50.300	af_F1QKK3_6_188_3.40.50.300	7.634E-04	1.000	143	168	347	347	9	177	183	198	0.519	0.923
LOKIASV2_0713_ESMFold_NOG1_family_protein	af_Q9VC31_6_195_3.40.50.300	af_Q9VC31_6_195_3.40.50.300	2.111E-04	1.000	143	168	341	347	3	177	190	196	0.501	0.921
LOKIASV2_0713_ESMFold_NOG1_family_protein	af_Q8I1U1_262_440_1.20.120.1190	af_Q8I1U1_262_440_1.20.120.1190	7.503E-03	1.000	142	16	161	347	28	179	179	155	0.421	0.849
LOKIASV2_0713_ESMFold_NOG1_family_protein	af_A0A2R8QF90_30_209_3.40.50.300	af_A0A2R8QF90_30_209_3.40.50.300	6.310E-04	1.000	142	169	337	347	3	179	180	187	0.487	0.983
LOKIASV2_0713_ESMFold_NOG1_family_protein	3regA00	3regA00	1.418E-03	1.000	141	169	338	347	4	164	171	182	0.490	0.942
LOKIASV2_0713_ESMFold_NOG1_family_protein	af_Q0P458_2_183_3.40.50.300	af_Q0P458_2_183_3.40.50.300	6.940E-04	1.000	141	168	344	347	6	175	182	196	0.510	0.934
LOKIASV2_0713_ESMFold_NOG1_family_protein	af_Q8R379_7_225_3.40.50.300	af_Q8R379_7_225_3.40.50.300	2.214E-04	1.000	141	168	336	347	2	178	219	197	0.487	0.808
LOKIASV2_0713_ESMFold_NOG1_family_protein	af_Q9XWZ3_1_200_3.40.50.300	af_Q9XWZ3_1_200_3.40.50.300	3.398E-04	1.000	140	168	344	347	7	177	200	201	0.510	0.855
LOKIASV2_0713_ESMFold_NOG1_family_protein	af_Q55ET3_1_203_3.40.50.300	af_Q55ET3_1_203_3.40.50.300	4.522E-04	1.000	140	168	343	347	6	173	203	190	0.507	0.828
LOKIASV2_0713_ESMFold_NOG1_family_protein	af_Q75N62_475_677_3.40.50.300	af_Q75N62_475_677_3.40.50.300	1.745E-04	1.000	140	168	342	347	1	193	203	203	0.504	0.951
LOKIASV2_0713_ESMFold_NOG1_family_protein	af_P36018_1_209_3.40.50.300	af_P36018_1_209_3.40.50.300	2.214E-04	1.000	140	170	343	347	5	200	209	222	0.501	0.938
LOKIASV2_0713_ESMFold_NOG1_family_protein	af_Q8IDL8_3_224_3.40.50.300	af_Q8IDL8_3_224_3.40.50.300	2.946E-04	1.000	140	168	347	347	1	209	222	226	0.519	0.941
LOKIASV2_0713_ESMFold_NOG1_family_protein	2hjgA02	2hjgA02	3.398E-04	1.000	139	162	347	347	1	170	170	197	0.536	1.000
LOKIASV2_0713_ESMFold_NOG1_family_protein	af_Q96AH8_1_196_3.40.50.300	af_Q96AH8_1_196_3.40.50.300	3.240E-04	1.000	139	169	343	347	9	186	196	198	0.504	0.908
LOKIASV2_0713_ESMFold_NOG1_family_protein	af_Q8CB87_773_969_3.40.50.300	af_Q8CB87_773_969_3.40.50.300	5.470E-04	1.000	139	168	342	347	13	176	197	194	0.504	0.832
LOKIASV2_0713_ESMFold_NOG1_family_protein	af_A4I7Z9_25_216_3.40.50.300	af_A4I7Z9_25_216_3.40.50.300	5.216E-04	1.000	138	168	342	347	8	171	192	191	0.504	0.854
LOKIASV2_0713_ESMFold_NOG1_family_protein	af_Q5A2B1_4_200_3.40.50.300	af_Q5A2B1_4_200_3.40.50.300	6.940E-04	1.000	138	169	345	347	11	190	197	204	0.510	0.914
LOKIASV2_0713_ESMFold_NOG1_family_protein	af_Q9D4V7_3_204_3.40.50.300	af_Q9D4V7_3_204_3.40.50.300	6.940E-04	1.000	138	165	326	347	1	181	202	191	0.467	0.896
LOKIASV2_0713_ESMFold_NOG1_family_protein	af_Q22013_34_240_3.40.50.300	af_Q22013_34_240_3.40.50.300	7.279E-04	1.000	138	164	335	347	1	204	207	222	0.496	0.986
LOKIASV2_0713_ESMFold_NOG1_family_protein	af_A0A2R8QGG4_45_252_3.40.50.300	af_A0A2R8QGG4_45_252_3.40.50.300	3.920E-04	1.000	138	170	341	347	3	180	208	191	0.496	0.856
LOKIASV2_0713_ESMFold_NOG1_family_protein	af_P32235_51_186_3.40.50.300	af_P32235_51_186_3.40.50.300	1.715E-03	1.000	137	169	279	347	13	114	136	111	0.320	0.750
LOKIASV2_0713_ESMFold_NOG1_family_protein	af_A0A0G2KFN1_9_212_3.40.50.300	af_A0A0G2KFN1_9_212_3.40.50.300	1.016E-03	1.000	136	168	347	347	7	176	204	199	0.519	0.833
LOKIASV2_0713_ESMFold_NOG1_family_protein	af_Q10RT8_4_207_3.40.50.300	af_Q10RT8_4_207_3.40.50.300	1.172E-03	1.000	135	169	337	347	10	170	204	182	0.487	0.789
LOKIASV2_0713_ESMFold_NOG1_family_protein	af_A0A1D6HGS7_5_212_3.40.50.300	af_A0A1D6HGS7_5_212_3.40.50.300	1.016E-03	1.000	135	165	342	347	10	202	208	211	0.513	0.928
LOKIASV2_0713_ESMFold_NOG1_family_protein	af_Q8K5A4_3_185_3.40.50.300	af_Q8K5A4_3_185_3.40.50.300	8.006E-04	1.000	134	169	338	347	3	174	183	193	0.490	0.940
LOKIASV2_0713_ESMFold_NOG1_family_protein	af_F1Q6X7_11_205_3.40.50.300	af_F1Q6X7_11_205_3.40.50.300	1.016E-03	1.000	134	169	344	347	2	184	195	205	0.507	0.938
LOKIASV2_0713_ESMFold_NOG1_family_protein	af_Q55E31_49_258_3.40.50.300	af_Q55E31_49_258_3.40.50.300	8.006E-04	1.000	134	168	342	347	12	179	210	193	0.504	0.800
LOKIASV2_0713_ESMFold_NOG1_family_protein	af_Q7KY04_1_188_3.40.50.300	af_Q7KY04_1_188_3.40.50.300	1.289E-03	1.000	133	168	344	347	8	177	188	194	0.510	0.904
LOKIASV2_0713_ESMFold_NOG1_family_protein	af_Q4D5J5_58_259_3.40.50.300	af_Q4D5J5_58_259_3.40.50.300	5.216E-04	1.000	133	168	344	347	3	187	202	207	0.510	0.916
LOKIASV2_0713_ESMFold_NOG1_family_protein	af_A8WG18_13_218_3.40.50.300	af_A8WG18_13_218_3.40.50.300	1.016E-03	1.000	133	168	344	347	2	184	206	198	0.510	0.888
LOKIASV2_0713_ESMFold_NOG1_family_protein	af_Q6IMK3_1_191_3.40.50.300	af_Q6IMK3_1_191_3.40.50.300	1.065E-03	1.000	132	169	342	347	17	184	191	189	0.501	0.880
LOKIASV2_0713_ESMFold_NOG1_family_protein	af_A4I155_22_213_3.40.50.300	af_A4I155_22_213_3.40.50.300	3.564E-04	1.000	132	165	325	347	1	167	192	190	0.464	0.870
LOKIASV2_0713_ESMFold_NOG1_family_protein	af_P35285_3_194_3.40.50.300	af_P35285_3_194_3.40.50.300	7.634E-04	1.000	132	169	331	347	4	155	192	182	0.470	0.792
LOKIASV2_0713_ESMFold_NOG1_family_protein	af_Q20365_88_304_3.40.50.300	af_Q20365_88_304_3.40.50.300	3.920E-04	1.000	132	168	338	347	13	176	217	195	0.493	0.756
LOKIASV2_0713_ESMFold_NOG1_family_protein	af_Q8MYF2_6_227_3.40.50.300	af_Q8MYF2_6_227_3.40.50.300	2.946E-04	1.000	132	169	346	347	5	180	222	206	0.513	0.793
LOKIASV2_0713_ESMFold_NOG1_family_protein	af_O62422_1_172_3.40.50.300	af_O62422_1_172_3.40.50.300	2.510E-03	1.000	131	167	335	347	3	165	172	181	0.487	0.948
LOKIASV2_0713_ESMFold_NOG1_family_protein	af_Q5WMU2_10_193_3.40.50.300	af_Q5WMU2_10_193_3.40.50.300	1.289E-03	1.000	131	169	338	347	6	164	184	190	0.490	0.864
LOKIASV2_0713_ESMFold_NOG1_family_protein	af_Q4KLG2_47_248_3.40.50.300	af_Q4KLG2_47_248_3.40.50.300	6.618E-04	1.000	131	168	346	347	2	183	202	200	0.516	0.901
LOKIASV2_0713_ESMFold_NOG1_family_protein	2v55D00	2v55D00	1.016E-03	1.000	130	169	337	347	6	176	182	189	0.487	0.940
LOKIASV2_0713_ESMFold_NOG1_family_protein	af_A4IC86_3_199_3.40.50.300	af_A4IC86_3_199_3.40.50.300	1.065E-03	1.000	130	168	346	347	4	174	197	197	0.516	0.868
LOKIASV2_0713_ESMFold_NOG1_family_protein	af_O96193_1_199_3.30.70.100	af_O96193_1_199_3.30.70.100	4.111E-04	1.000	130	168	336	347	6	197	199	223	0.487	0.965
LOKIASV2_0713_ESMFold_NOG1_family_protein	af_Q18957_14_215_3.40.50.300	af_Q18957_14_215_3.40.50.300	8.396E-04	1.000	130	167	337	347	8	156	202	178	0.493	0.738
LOKIASV2_0713_ESMFold_NOG1_family_protein	af_Q54G48_1_197_3.40.50.300	af_Q54G48_1_197_3.40.50.300	1.065E-03	1.000	128	164	344	347	1	192	197	210	0.522	0.975
LOKIASV2_0713_ESMFold_NOG1_family_protein	af_A0A2R8RJF7_34_236_3.40.50.300	af_A0A2R8RJF7_34_236_3.40.50.300	5.737E-04	1.000	128	169	346	347	2	193	203	208	0.513	0.946
LOKIASV2_0713_ESMFold_NOG1_family_protein	af_Q6P9H5_40_260_3.40.50.300	af_Q6P9H5_40_260_3.40.50.300	5.737E-04	1.000	128	169	345	347	2	189	221	209	0.510	0.851
LOKIASV2_0713_ESMFold_NOG1_family_protein	3bb1G00	3bb1G00	2.176E-03	1.000	127	167	323	347	37	204	251	178	0.452	0.669
LOKIASV2_0713_ESMFold_NOG1_family_protein	af_Q94263_8_175_3.40.50.300	af_Q94263_8_175_3.40.50.300	2.632E-03	1.000	126	169	335	347	3	158	168	183	0.481	0.929
LOKIASV2_0713_ESMFold_NOG1_family_protein	af_Q8BYP3_12_211_3.40.50.300	af_Q8BYP3_12_211_3.40.50.300	1.418E-03	1.000	126	169	346	347	9	191	200	199	0.513	0.915
LOKIASV2_0713_ESMFold_NOG1_family_protein	af_P35289_1_203_3.40.50.300	af_P35289_1_203_3.40.50.300	8.006E-04	1.000	126	168	343	347	8	183	203	202	0.507	0.867
LOKIASV2_0713_ESMFold_NOG1_family_protein	af_Q9D3G9_2_184_3.40.50.300	af_Q9D3G9_2_184_3.40.50.300	2.393E-03	1.000	125	168	338	347	4	167	183	191	0.493	0.896
LOKIASV2_0713_ESMFold_NOG1_family_protein	af_Q6DHC1_1_186_3.40.50.300	af_Q6DHC1_1_186_3.40.50.300	4.040E-03	1.000	124	168	343	347	8	172	186	193	0.507	0.887
LOKIASV2_0713_ESMFold_NOG1_family_protein	af_Q1ZXK9_8_210_3.40.50.300	af_Q1ZXK9_8_210_3.40.50.300	1.117E-03	1.000	123	168	335	347	15	173	203	188	0.484	0.783
LOKIASV2_0713_ESMFold_NOG1_family_protein	af_A4I5J8_3_216_3.40.50.300	af_A4I5J8_3_216_3.40.50.300	3.185E-03	1.000	121	170	332	347	14	171	214	174	0.470	0.738
LOKIASV2_0713_ESMFold_NOG1_family_protein	af_A0A140LGH1_5_203_3.40.50.300	af_A0A140LGH1_5_203_3.40.50.300	3.340E-03	1.000	120	170	347	347	4	192	199	202	0.513	0.950
LOKIASV2_0713_ESMFold_NOG1_family_protein	af_Q554Y4_504_723_3.40.50.300	af_Q554Y4_504_723_3.40.50.300	2.282E-03	1.000	120	168	329	347	9	157	220	172	0.467	0.677
LOKIASV2_0713_ESMFold_NOG1_family_protein	af_Q8IDL8_5_202_3.40.50.300	af_Q8IDL8_5_202_3.40.50.300	9.685E-04	1.000	119	171	338	347	2	197	198	215	0.484	0.990
LOKIASV2_0713_ESMFold_NOG1_family_protein	af_A0A2R8Q9V6_13_218_3.40.50.300	af_A0A2R8Q9V6_13_218_3.40.50.300	3.853E-03	1.000	119	169	344	347	3	187	206	210	0.507	0.898
LOKIASV2_0713_ESMFold_NOG1_family_protein	af_A0A0G2KPB1_63_285_3.40.50.300	af_A0A0G2KPB1_63_285_3.40.50.300	2.176E-03	1.000	119	169	344	347	2	186	223	200	0.507	0.830
LOKIASV2_0713_ESMFold_NOG1_family_protein	af_P81128_4_249_3.40.50.300	af_P81128_4_249_3.40.50.300	1.418E-03	1.000	119	161	338	347	1	242	246	247	0.513	0.984
LOKIASV2_0713_ESMFold_NOG1_family_protein	af_H9XVM3_9_200_3.40.50.300	af_H9XVM3_9_200_3.40.50.300	1.978E-03	1.000	118	161	315	347	10	158	192	165	0.447	0.776
LOKIASV2_0713_ESMFold_NOG1_family_protein	af_Q8K349_103_303_3.40.50.300	af_Q8K349_103_303_3.40.50.300	1.715E-03	1.000	118	169	345	347	2	188	201	204	0.510	0.930
LOKIASV2_0713_ESMFold_NOG1_family_protein	af_Q59P96_1_208_3.40.50.11960	af_Q59P96_1_208_3.40.50.11960	1.799E-03	1.000	117	168	322	347	3	174	208	182	0.447	0.827
LOKIASV2_0713_ESMFold_NOG1_family_protein	af_H0WEU1_243_468_3.40.50.300	af_H0WEU1_243_468_3.40.50.300	5.737E-04	1.000	117	169	336	347	2	178	226	194	0.484	0.783
LOKIASV2_0713_ESMFold_NOG1_family_protein	af_Q99MI6_22_261_3.40.50.300	af_Q99MI6_22_261_3.40.50.300	5.376E-03	1.000	117	170	345	347	3	190	240	204	0.507	0.783
LOKIASV2_0713_ESMFold_NOG1_family_protein	af_A0A0G2KIU3_16_216_3.40.50.300	af_A0A0G2KIU3_16_216_3.40.50.300	1.715E-03	1.000	116	169	344	347	1	183	201	206	0.507	0.910
LOKIASV2_0713_ESMFold_NOG1_family_protein	af_E9QHM5_18_218_3.40.50.300	af_E9QHM5_18_218_3.40.50.300	2.895E-03	1.000	116	170	323	347	3	150	201	167	0.444	0.736
LOKIASV2_0713_ESMFold_NOG1_family_protein	af_A8WFZ9_18_237_3.40.50.300	af_A8WFZ9_18_237_3.40.50.300	2.895E-03	1.000	116	171	347	347	2	185	220	203	0.510	0.836
LOKIASV2_0713_ESMFold_NOG1_family_protein	af_Q5SWD9_1_227_3.40.50.300	af_Q5SWD9_1_227_3.40.50.300	2.176E-03	1.000	115	168	322	347	82	224	227	171	0.447	0.630
LOKIASV2_0713_ESMFold_NOG1_family_protein	af_A0A2R8QEP8_60_262_3.40.50.300	af_A0A2R8QEP8_60_262_3.40.50.300	3.340E-03	1.000	114	169	344	347	1	183	203	203	0.507	0.901
LOKIASV2_0713_ESMFold_NOG1_family_protein	af_X1WCF0_19_238_3.40.50.300	af_X1WCF0_19_238_3.40.50.300	3.853E-03	1.000	114	169	344	347	2	184	220	194	0.507	0.832
LOKIASV2_0713_ESMFold_NOG1_family_protein	af_Q9DAI2_2_164_3.40.50.300	af_Q9DAI2_2_164_3.40.50.300	1.799E-03	1.000	113	169	322	347	3	146	163	167	0.444	0.883
LOKIASV2_0713_ESMFold_NOG1_family_protein	af_Q22045_4_205_3.40.50.300	af_Q22045_4_205_3.40.50.300	3.853E-03	1.000	113	168	344	347	8	174	202	200	0.510	0.827
LOKIASV2_0713_ESMFold_NOG1_family_protein	af_D0FK02_3_199_3.40.50.300	af_D0FK02_3_199_3.40.50.300	5.216E-04	1.000	112	164	323	347	2	169	197	203	0.461	0.853
LOKIASV2_0713_ESMFold_NOG1_family_protein	af_A0A1D6EBJ8_34_234_3.40.50.300	af_A0A1D6EBJ8_34_234_3.40.50.300	3.340E-03	1.000	112	168	331	347	3	192	201	213	0.473	0.945
LOKIASV2_0713_ESMFold_NOG1_family_protein	af_F1QFC1_7_208_3.40.50.300	af_F1QFC1_7_208_3.40.50.300	3.673E-03	1.000	112	170	347	347	2	184	202	206	0.513	0.906
LOKIASV2_0713_ESMFold_NOG1_family_protein	af_Q948K6_1_189_3.40.50.300	af_Q948K6_1_189_3.40.50.300	1.886E-03	1.000	111	164	342	347	1	188	189	217	0.516	0.995
LOKIASV2_0713_ESMFold_NOG1_family_protein	af_P39722_1_186_3.40.50.300	af_P39722_1_186_3.40.50.300	2.895E-03	1.000	110	167	331	347	4	174	186	200	0.476	0.919
LOKIASV2_0713_ESMFold_NOG1_family_protein	af_A0A2R8QCG5_34_255_3.40.50.300	af_A0A2R8QCG5_34_255_3.40.50.300	4.040E-03	1.000	110	169	347	347	2	184	222	204	0.516	0.824
LOKIASV2_0713_ESMFold_NOG1_family_protein	af_Q54S88_369_549_3.40.50.300	af_Q54S88_369_549_3.40.50.300	5.914E-03	1.000	108	161	342	347	8	178	181	200	0.524	0.945
LOKIASV2_0713_ESMFold_NOG1_family_protein	af_Q9UTE0_14_275_3.40.50.300	af_Q9UTE0_14_275_3.40.50.300	2.761E-03	1.000	108	166	322	347	24	202	262	188	0.452	0.683
LOKIASV2_0713_ESMFold_NOG1_family_protein	af_Q55C96_20_302_3.40.50.300	af_Q55C96_20_302_3.40.50.300	1.799E-03	1.000	108	168	344	347	6	257	283	268	0.510	0.890
LOKIASV2_0713_ESMFold_NOG1_family_protein	af_Q9GPQ9_8_180_3.40.50.300	af_Q9GPQ9_8_180_3.40.50.300	8.655E-03	1.000	107	168	344	347	2	172	173	196	0.510	0.988
LOKIASV2_0713_ESMFold_NOG1_family_protein	af_A0A1D6EBJ8_30_264_3.40.50.300	af_A0A1D6EBJ8_30_264_3.40.50.300	4.237E-03	1.000	107	168	331	347	7	196	235	213	0.473	0.809
LOKIASV2_0713_ESMFold_NOG1_family_protein	af_Q4DVZ3_2_239_3.40.50.300	af_Q4DVZ3_2_239_3.40.50.300	3.853E-03	1.000	107	168	338	347	9	198	238	218	0.493	0.798
LOKIASV2_0713_ESMFold_NOG1_family_protein	af_Q7XP63_12_148_3.40.50.300	af_Q7XP63_12_148_3.40.50.300	4.040E-03	1.000	106	169	313	347	1	134	137	151	0.418	0.978
LOKIASV2_0713_ESMFold_NOG1_family_protein	af_Q19210_37_272_3.40.50.300	af_Q19210_37_272_3.40.50.300	1.715E-03	1.000	106	169	344	347	8	220	236	223	0.507	0.903
LOKIASV2_0713_ESMFold_NOG1_family_protein	af_A0A2R8QD03_39_214_3.40.50.300	af_A0A2R8QD03_39_214_3.40.50.300	7.869E-03	1.000	104	169	347	347	1	168	176	189	0.516	0.955
LOKIASV2_0713_ESMFold_NOG1_family_protein	af_I1MMT4_1_201_3.40.50.300	af_I1MMT4_1_201_3.40.50.300	9.685E-04	1.000	103	166	344	347	8	186	201	205	0.516	0.891
LOKIASV2_0713_ESMFold_NOG1_family_protein	2npfB01	2npfB01	1.487E-03	1.000	103	166	326	347	15	192	212	201	0.464	0.840
LOKIASV2_0713_ESMFold_NOG1_family_protein	af_E7FA02_35_253_3.40.50.300	af_E7FA02_35_253_3.40.50.300	2.510E-03	1.000	103	168	347	347	1	187	219	209	0.519	0.854
LOKIASV2_0713_ESMFold_NOG1_family_protein	af_A0A1D6KU62_15_213_3.40.50.300	af_A0A1D6KU62_15_213_3.40.50.300	7.503E-03	1.000	102	169	337	347	2	194	199	206	0.487	0.970
LOKIASV2_0713_ESMFold_NOG1_family_protein	af_A0A1D6GPW0_12_246_3.40.50.300	af_A0A1D6GPW0_12_246_3.40.50.300	7.154E-03	1.000	101	169	342	347	5	202	235	214	0.501	0.843
LOKIASV2_0713_ESMFold_NOG1_family_protein	af_Q54PI2_65_227_3.40.50.300	af_Q54PI2_65_227_3.40.50.300	1.768E-02	0.999	99	168	305	347	25	162	163	149	0.398	0.847
LOKIASV2_0713_ESMFold_NOG1_family_protein	af_Q99JY3_30_257_3.40.50.300	af_Q99JY3_30_257_3.40.50.300	9.984E-03	0.999	98	171	344	347	4	188	228	210	0.501	0.811
LOKIASV2_0713_ESMFold_NOG1_family_protein	af_I1MCZ2_20_253_3.40.50.300	af_I1MCZ2_20_253_3.40.50.300	5.914E-03	0.999	98	165	335	347	18	216	234	205	0.493	0.850
LOKIASV2_0713_ESMFold_NOG1_family_protein	af_A0A0R4IYQ6_21_167_3.40.50.300	af_A0A0R4IYQ6_21_167_3.40.50.300	9.520E-03	0.999	97	169	310	347	3	145	147	156	0.409	0.973
LOKIASV2_0713_ESMFold_NOG1_family_protein	af_Q54EW9_2_193_3.40.50.300	af_Q54EW9_2_193_3.40.50.300	2.467E-02	0.999	96	168	345	347	11	188	192	200	0.513	0.927
LOKIASV2_0713_ESMFold_NOG1_family_protein	af_P41901_86_366_3.40.50.300	af_P41901_86_366_3.40.50.300	1.715E-03	0.998	95	169	341	347	25	206	281	212	0.499	0.648
LOKIASV2_0713_ESMFold_NOG1_family_protein	af_Q1ZXQ0_555_726_3.40.50.300	af_Q1ZXQ0_555_726_3.40.50.300	9.520E-03	0.998	94	169	323	347	6	149	172	165	0.447	0.837
LOKIASV2_0713_ESMFold_NOG1_family_protein	af_A0A0R4IQH0_2_210_3.40.50.300	af_A0A0R4IQH0_2_210_3.40.50.300	9.077E-03	0.998	93	162	346	347	1	189	209	213	0.533	0.904
LOKIASV2_0713_ESMFold_NOG1_family_protein	af_Q9VXA9_6_230_3.40.50.300	af_Q9VXA9_6_230_3.40.50.300	8.253E-03	0.998	93	169	326	347	2	199	225	214	0.455	0.880
LOKIASV2_0713_ESMFold_NOG1_family_protein	af_Q552Z6_121_387_3.40.50.300	af_Q552Z6_121_387_3.40.50.300	4.661E-03	0.997	92	167	322	347	30	214	267	204	0.450	0.693
LOKIASV2_0713_ESMFold_NOG1_family_protein	5kutC00	5kutC00	1.768E-02	0.996	90	167	323	347	4	142	163	164	0.452	0.853
LOKIASV2_0713_ESMFold_NOG1_family_protein	af_A4IDF3_11_218_3.40.50.300	af_A4IDF3_11_218_3.40.50.300	4.368E-02	0.988	82	168	310	347	7	163	208	170	0.412	0.755
LOKIASV2_0713_ESMFold_NOG1_family_protein	af_A0A2R8Q9N0_27_156_3.40.50.300	af_A0A2R8Q9N0_27_156_3.40.50.300	3.130E-02	0.984	80	169	293	347	2	124	130	142	0.360	0.946
LOKIASV2_0713_ESMFold_NOG1_family_protein	af_A0A1D6E9W3_1_146_3.40.50.300	af_A0A1D6E9W3_1_146_3.40.50.300	2.713E-02	0.984	80	168	318	347	8	145	146	161	0.435	0.945
LOKIASV2_0713_ESMFold_NOG1_family_protein	af_Q4DNR5_1_160_3.40.50.140	af_Q4DNR5_1_160_3.40.50.140	3.443E-02	0.981	79	168	291	347	1	139	160	152	0.357	0.869
LOKIASV2_0713_ESMFold_NOG1_family_protein	6d4gB00	6d4gB00	4.804E-02	0.967	75	171	339	347	2	186	187	214	0.487	0.989
LOKIASV2_0713_ESMFold_NOG1_family_protein	af_Q8T2T7_1_166_3.40.50.140	af_Q8T2T7_1_166_3.40.50.140	2.984E-02	0.961	74	168	309	347	2	161	166	173	0.409	0.964
LOKIASV2_0713_ESMFold_NOG1_family_protein	af_I1LN46_2_163_3.40.50.140	af_I1LN46_2_163_3.40.50.140	2.984E-02	0.912	68	168	313	347	4	158	162	173	0.421	0.957
LOKIASV2_0713_ESMFold_NOG1_family_protein	af_Q8IDM7_2_166_3.40.50.140	af_Q8IDM7_2_166_3.40.50.140	5.639E-03	0.900	67	168	322	347	3	144	165	169	0.447	0.861
LOKIASV2_0713_ESMFold_NOG1_family_protein	af_Q13472_21_196_3.40.50.140	af_Q13472_21_196_3.40.50.140	3.787E-02	0.872	65	169	307	347	14	169	176	171	0.401	0.886
LOKIASV2_0713_ESMFold_NOG1_family_protein	af_Q5ZCD5_2_186_1.20.1410.10	af_Q5ZCD5_2_186_1.20.1410.10	2.102E-01	0.872	65	4	160	347	12	183	185	184	0.452	0.930
LOKIASV2_0713_ESMFold_NOG1_family_protein	af_Q4DM40_1_92_3.40.50.300	af_Q4DM40_1_92_3.40.50.300	2.933E-01	0.747	59	168	255	347	7	85	92	92	0.254	0.859
LOKIASV2_0713_ESMFold_NOG1_family_protein	af_Q5ANG9_1_164_3.40.50.140	af_Q5ANG9_1_164_3.40.50.140	1.079E-01	0.720	58	168	310	347	1	159	164	171	0.412	0.970
LOKIASV2_0713_ESMFold_NOG1_family_protein	5h5mB02	5h5mB02	1.061E+00	0.692	57	15	152	347	2	123	125	146	0.398	0.976
LOKIASV2_0713_ESMFold_NOG1_family_protein	af_O61660_1_162_3.40.50.140	af_O61660_1_162_3.40.50.140	1.132E-01	0.632	55	168	291	347	1	143	162	156	0.357	0.883
LOKIASV2_0713_ESMFold_NOG1_family_protein	af_H1UBJ9_1_171_3.40.50.140	af_H1UBJ9_1_171_3.40.50.140	3.787E-02	0.632	55	168	321	347	2	151	171	183	0.444	0.877
LOKIASV2_0713_ESMFold_NOG1_family_protein	af_A0A1D6KJP1_4_120_3.40.50.300	af_A0A1D6KJP1_4_120_3.40.50.300	9.197E-01	0.569	53	168	284	347	10	115	117	121	0.337	0.906
LOKIASV2_0713_ESMFold_NOG1_family_protein	af_Q5ZCC9_1_210_1.20.1270.60	af_Q5ZCC9_1_210_1.20.1270.60	8.111E-02	0.537	52	14	162	347	43	210	210	178	0.429	0.800
LOKIASV2_0713_ESMFold_NOG1_family_protein	2m6uA00	2m6uA00	4.220E+00	0.505	51	41	149	347	2	81	82	109	0.314	0.976
LOKIASV2_0713_ESMFold_NOG1_family_protein	af_A2AP89_1193_1388_1.20.120.230	af_A2AP89_1193_1388_1.20.120.230	5.447E-01	0.473	50	1	151	347	32	156	196	154	0.435	0.638
LOKIASV2_0713_ESMFold_NOG1_family_protein	af_F1Q930_116_353_1.20.1070.10	af_F1Q930_116_353_1.20.1070.10	1.061E+00	0.473	50	15	149	347	89	231	238	145	0.389	0.601
LOKIASV2_0713_ESMFold_NOG1_family_protein	5a5gB01	5a5gB01	8.111E-02	0.473	50	166	321	347	80	283	322	219	0.450	0.634
LOKIASV2_0713_ESMFold_NOG1_family_protein	af_Q5XI89_186_542_3.40.50.1110	af_Q5XI89_186_542_3.40.50.1110	3.549E-01	0.442	49	162	323	347	146	326	357	191	0.467	0.507
LOKIASV2_0713_ESMFold_NOG1_family_protein	af_Q8H114_18_257_3.40.220.10	af_Q8H114_18_257_3.40.220.10	1.436E-01	0.411	48	160	310	347	73	232	240	195	0.435	0.667
LOKIASV2_0713_ESMFold_NOG1_family_protein	af_I1M5L4_3_110_3.40.50.300	af_I1M5L4_3_110_3.40.50.300	1.553E+00	0.382	47	169	283	347	9	108	108	125	0.331	0.926
LOKIASV2_0713_ESMFold_NOG1_family_protein	af_O42364_22_188_1.20.120.20	af_O42364_22_188_1.20.120.20	1.012E+00	0.382	47	15	159	347	10	151	167	151	0.418	0.850
LOKIASV2_0713_ESMFold_NOG1_family_protein	1vhuA00	1vhuA00	2.204E-01	0.382	47	166	310	347	21	182	187	183	0.418	0.866
LOKIASV2_0713_ESMFold_NOG1_family_protein	af_Q12367_32_340_3.40.50.150	af_Q12367_32_340_3.40.50.150	1.970E+00	0.382	47	221	311	347	220	309	309	97	0.262	0.291
LOKIASV2_0713_ESMFold_NOG1_family_protein	af_Q9Y4G6_789_912_1.20.120.230	af_Q9Y4G6_789_912_1.20.120.230	1.224E+00	0.353	46	9	146	347	10	117	124	138	0.398	0.871
LOKIASV2_0713_ESMFold_NOG1_family_protein	af_Q59001_1_226_3.40.50.2000	af_Q59001_1_226_3.40.50.2000	8.111E-02	0.326	45	168	322	347	1	182	226	202	0.447	0.805
LOKIASV2_0713_ESMFold_NOG1_family_protein	af_Q8IXQ6_308_493_3.40.220.10	af_Q8IXQ6_308_493_3.40.220.10	3.549E-01	0.301	44	166	310	347	19	175	186	179	0.418	0.844
LOKIASV2_0713_ESMFold_NOG1_family_protein	af_Q7XA67_1_254_3.40.50.1580	af_Q7XA67_1_254_3.40.50.1580	8.507E-02	0.301	44	168	310	347	13	181	254	181	0.412	0.665
LOKIASV2_0713_ESMFold_NOG1_family_protein	af_A0A0G2KIN3_3_115_3.40.50.300	af_A0A0G2KIN3_3_115_3.40.50.300	1.012E+00	0.277	43	168	255	347	13	91	113	98	0.254	0.699
LOKIASV2_0713_ESMFold_NOG1_family_protein	1pujA01	1pujA01	4.024E+00	0.277	43	247	343	347	10	96	156	99	0.280	0.558
LOKIASV2_0713_ESMFold_NOG1_family_protein	af_O60664_251_410_1.20.120.340	af_O60664_251_410_1.20.120.340	6.284E-01	0.277	43	15	146	347	44	156	160	137	0.380	0.706
LOKIASV2_0713_ESMFold_NOG1_family_protein	2j47A02	2j47A02	1.708E+00	0.277	43	236	322	347	91	185	286	98	0.251	0.332
LOKIASV2_0713_ESMFold_NOG1_family_protein	af_E9AHV7_5_359_3.20.20.140	af_E9AHV7_5_359_3.20.20.140	1.628E+00	0.277	43	245	317	347	82	160	355	81	0.210	0.223
LOKIASV2_0713_ESMFold_NOG1_family_protein	af_G5EGK1_1860_1981_1.20.120.230	af_G5EGK1_1860_1981_1.20.120.230	8.769E-01	0.254	42	15	158	347	8	120	122	146	0.415	0.926
LOKIASV2_0713_ESMFold_NOG1_family_protein	1st6A05	1st6A05	6.911E-01	0.254	42	15	157	347	3	149	170	155	0.412	0.865
LOKIASV2_0713_ESMFold_NOG1_family_protein	1fntc01	1fntc01	5.991E-01	0.254	42	17	159	347	32	187	188	162	0.412	0.830
LOKIASV2_0713_ESMFold_NOG1_family_protein	af_Q9VIJ9_163_391_3.40.50.300	af_Q9VIJ9_163_391_3.40.50.300	3.326E+00	0.254	42	243	342	347	5	116	229	122	0.288	0.489
LOKIASV2_0713_ESMFold_NOG1_family_protein	af_F4HTL8_152_282_3.40.50.300	af_F4HTL8_152_282_3.40.50.300	5.354E+00	0.233	41	249	336	347	12	95	131	93	0.254	0.641
LOKIASV2_0713_ESMFold_NOG1_family_protein	1le2A00	1le2A00	1.708E+00	0.214	40	16	159	347	9	141	144	150	0.415	0.924
LOKIASV2_0713_ESMFold_NOG1_family_protein	af_Q21350_262_451_3.40.50.300	af_Q21350_262_451_3.40.50.300	8.361E-01	0.214	40	239	322	347	82	170	190	95	0.242	0.468
LOKIASV2_0713_ESMFold_NOG1_family_protein	af_Q1LXP8_173_406_3.40.50.300	af_Q1LXP8_173_406_3.40.50.300	4.868E+00	0.214	40	243	322	347	5	77	234	81	0.231	0.312
LOKIASV2_0713_ESMFold_NOG1_family_protein	af_A0A0R4IIA7_1847_1972_1.20.120.230	af_A0A0R4IIA7_1847_1972_1.20.120.230	2.383E+00	0.196	39	14	156	347	18	124	126	147	0.412	0.849
LOKIASV2_0713_ESMFold_NOG1_family_protein	af_Q503V2_22_187_1.20.120.20	af_Q503V2_22_187_1.20.120.20	7.972E-01	0.196	39	15	160	347	20	155	166	153	0.421	0.819
LOKIASV2_0713_ESMFold_NOG1_family_protein	af_P9WP67_20_203_1.20.120.80	af_P9WP67_20_203_1.20.120.80	1.791E+00	0.196	39	15	161	347	55	179	184	159	0.424	0.679
LOKIASV2_0713_ESMFold_NOG1_family_protein	af_H2KYI5_10_383_3.20.20.140	af_H2KYI5_10_383_3.20.20.140	6.284E-01	0.196	39	162	322	347	28	208	374	217	0.464	0.484
LOKIASV2_0713_ESMFold_NOG1_family_protein	af_Q9C0W5_1_160_1.20.120.550	af_Q9C0W5_1_160_1.20.120.550	1.113E+00	0.179	38	12	158	347	12	156	160	168	0.424	0.906
LOKIASV2_0713_ESMFold_NOG1_family_protein	3myiA00	3myiA00	1.167E+00	0.179	38	1	159	347	1	157	163	181	0.458	0.963
LOKIASV2_0713_ESMFold_NOG1_family_protein	af_Q2G149_54_265_3.40.220.10	af_Q2G149_54_265_3.40.220.10	3.076E-01	0.179	38	140	310	347	68	207	212	184	0.493	0.660
LOKIASV2_0713_ESMFold_NOG1_family_protein	3rysB00	3rysB00	3.837E+00	0.179	38	250	294	347	84	130	327	47	0.130	0.144
LOKIASV2_0713_ESMFold_NOG1_family_protein	af_A0A2P2CLF6_6_131_3.30.460.80	af_A0A2P2CLF6_6_131_3.30.460.80	2.272E+00	0.164	37	173	230	347	27	92	126	66	0.167	0.524
LOKIASV2_0713_ESMFold_NOG1_family_protein	af_P02649_18_201_1.20.120.20	af_P02649_18_201_1.20.120.20	1.878E+00	0.164	37	15	159	347	23	164	184	162	0.418	0.772
LOKIASV2_0713_ESMFold_NOG1_family_protein	af_P62484_1_104_6.10.140.1620	af_P62484_1_104_6.10.140.1620	7.836E+00	0.150	36	81	159	347	3	79	104	79	0.228	0.740
LOKIASV2_0713_ESMFold_NOG1_family_protein	af_Q69MT5_13_130_1.20.5.4130	af_Q69MT5_13_130_1.20.5.4130	1.970E+00	0.150	36	20	151	347	2	115	118	141	0.380	0.966
LOKIASV2_0713_ESMFold_NOG1_family_protein	2lk4A00	2lk4A00	6.911E-01	0.150	36	14	162	347	13	135	135	159	0.429	0.911
LOKIASV2_0713_ESMFold_NOG1_family_protein	af_P56945_448_610_1.20.120.830	af_P56945_448_610_1.20.120.830	3.171E+00	0.150	36	12	158	347	27	157	163	156	0.424	0.804
LOKIASV2_0713_ESMFold_NOG1_family_protein	1ya9A00	1ya9A00	3.326E+00	0.150	36	14	159	347	14	152	168	164	0.421	0.827
LOKIASV2_0713_ESMFold_NOG1_family_protein	5l0dC00	5l0dC00	1.553E+00	0.150	36	2	157	347	4	157	168	171	0.450	0.917
LOKIASV2_0713_ESMFold_NOG1_family_protein	af_A0A1D6LAH6_43_214_1.20.140.40	af_A0A1D6LAH6_43_214_1.20.140.40	4.094E-01	0.150	36	16	159	347	22	168	172	162	0.415	0.855
LOKIASV2_0713_ESMFold_NOG1_family_protein	5jipB01	5jipB01	2.272E+00	0.150	36	240	322	347	84	171	224	95	0.239	0.393
LOKIASV2_0713_ESMFold_NOG1_family_protein	5kyaE00	5kyaE00	3.903E-01	0.150	36	5	160	347	10	187	251	190	0.450	0.709
LOKIASV2_0713_ESMFold_NOG1_family_protein	af_A0A1D6ML48_1_256_1.20.1270.60	af_A0A1D6ML48_1_256_1.20.1270.60	2.312E-01	0.150	36	13	161	347	100	256	256	168	0.429	0.613
LOKIASV2_0713_ESMFold_NOG1_family_protein	af_G5EF84_385_642_1.20.120.1900	af_G5EF84_385_642_1.20.120.1900	1.113E+00	0.150	36	12	160	347	56	226	258	185	0.429	0.663
LOKIASV2_0713_ESMFold_NOG1_family_protein	af_Q1LUQ2_313_468_3.40.50.10140	af_Q1LUQ2_313_468_3.40.50.10140	9.197E-01	0.138	35	164	343	347	1	155	156	198	0.519	0.994
LOKIASV2_0713_ESMFold_NOG1_family_protein	af_Q6AY43_2_179_3.40.50.300	af_Q6AY43_2_179_3.40.50.300	1.791E+00	0.138	35	165	285	347	27	144	178	143	0.349	0.663
LOKIASV2_0713_ESMFold_NOG1_family_protein	af_P0CH67_115_331_3.20.20.70	af_P0CH67_115_331_3.20.20.70	6.176E+00	0.138	35	243	322	347	106	193	217	91	0.231	0.406
LOKIASV2_0713_ESMFold_NOG1_family_protein	af_P96900_2_219_1.10.357.10	af_P96900_2_219_1.10.357.10	1.224E+00	0.138	35	15	156	347	63	216	218	176	0.409	0.706
LOKIASV2_0713_ESMFold_NOG1_family_protein	af_Q54I29_1472_1721_1.20.120.1750	af_Q54I29_1472_1721_1.20.120.1750	4.641E+00	0.138	35	28	158	347	83	204	250	131	0.378	0.488
LOKIASV2_0713_ESMFold_NOG1_family_protein	af_Q8VYW2_77_527_3.20.20.80	af_Q8VYW2_77_527_3.20.20.80	4.024E+00	0.138	35	228	320	347	307	401	451	99	0.268	0.211
LOKIASV2_0713_ESMFold_NOG1_family_protein	af_Q2FXH4_657_733_1.20.58.90	af_Q2FXH4_657_733_1.20.58.90	7.836E+00	0.126	34	51	140	347	5	72	77	90	0.259	0.883
LOKIASV2_0713_ESMFold_NOG1_family_protein	af_A0A0R4IDZ8_1844_1969_3.10.20.90	af_A0A0R4IDZ8_1844_1969_3.10.20.90	1.167E+00	0.126	34	15	146	347	19	124	126	132	0.380	0.841
LOKIASV2_0713_ESMFold_NOG1_family_protein	af_A0A0R0LFH0_212_347_3.10.180.10	af_A0A0R0LFH0_212_347_3.10.180.10	5.194E-01	0.126	34	162	264	347	1	88	136	105	0.297	0.647
LOKIASV2_0713_ESMFold_NOG1_family_protein	af_Q9XX27_271_436_1.20.58.60	af_Q9XX27_271_436_1.20.58.60	1.224E+00	0.126	34	15	158	347	22	164	166	168	0.415	0.861
LOKIASV2_0713_ESMFold_NOG1_family_protein	af_A0A0R0LAY0_1_396_3.40.50.300	af_A0A0R0LAY0_1_396_3.40.50.300	8.507E-02	0.126	34	15	322	347	2	309	396	380	0.888	0.778
LOKIASV2_0713_ESMFold_NOG1_family_protein	af_P56945_734_870_1.20.120.230	af_P56945_734_870_1.20.120.230	2.383E+00	0.116	33	14	152	347	6	135	137	155	0.401	0.949
LOKIASV2_0713_ESMFold_NOG1_family_protein	af_I1MTQ0_31_190_1.20.120.520	af_I1MTQ0_31_190_1.20.120.520	2.621E+00	0.116	33	15	158	347	13	158	160	170	0.415	0.913
LOKIASV2_0713_ESMFold_NOG1_family_protein	4pr9D00	4pr9D00	1.412E+00	0.116	33	2	149	347	4	152	176	165	0.427	0.847
LOKIASV2_0713_ESMFold_NOG1_family_protein	af_I1MYG7_151_334_3.40.50.300	af_I1MYG7_151_334_3.40.50.300	9.942E+00	0.116	33	249	332	347	12	91	184	86	0.242	0.435
LOKIASV2_0713_ESMFold_NOG1_family_protein	af_I1NFX6_16_255_3.40.50.1110	af_I1NFX6_16_255_3.40.50.1110	2.499E+00	0.116	33	236	322	347	109	206	240	109	0.251	0.408
LOKIASV2_0713_ESMFold_NOG1_family_protein	3mdqA01	3mdqA01	1.970E+00	0.106	32	205	309	347	11	115	121	120	0.303	0.868
LOKIASV2_0713_ESMFold_NOG1_family_protein	af_E7FAS2_11_192_3.90.79.10	af_E7FAS2_11_192_3.90.79.10	3.171E+00	0.106	32	184	246	347	131	181	182	63	0.182	0.280
LOKIASV2_0713_ESMFold_NOG1_family_protein	af_A0A0P0UYK1_1_196_1.20.1270.60	af_A0A0P0UYK1_1_196_1.20.1270.60	1.346E+00	0.106	32	15	158	347	24	188	196	176	0.415	0.842
LOKIASV2_0713_ESMFold_NOG1_family_protein	af_Q2FZX4_3_265_3.20.20.70	af_Q2FZX4_3_265_3.20.20.70	7.472E+00	0.106	32	245	322	347	150	234	263	91	0.225	0.323
LOKIASV2_0713_ESMFold_NOG1_family_protein	af_Q9P6I7_4_353_3.20.20.140	af_Q9P6I7_4_353_3.20.20.140	8.218E+00	0.106	32	243	294	347	91	144	350	54	0.150	0.154
LOKIASV2_0713_ESMFold_NOG1_family_protein	af_Q0JBN1_2_115_1.20.120.290	af_Q0JBN1_2_115_1.20.120.290	3.488E+00	0.098	31	15	151	347	13	113	114	140	0.395	0.886
LOKIASV2_0713_ESMFold_NOG1_family_protein	af_Q61140_738_874_1.20.120.230	af_Q61140_738_874_1.20.120.230	3.658E+00	0.098	31	14	152	347	6	135	137	155	0.401	0.949
LOKIASV2_0713_ESMFold_NOG1_family_protein	af_Q9FFP1_310_453_1.20.120.1750	af_Q9FFP1_310_453_1.20.120.1750	6.176E+00	0.098	31	15	153	347	11	140	144	147	0.401	0.903
LOKIASV2_0713_ESMFold_NOG1_family_protein	1gs9A00	1gs9A00	8.218E+00	0.098	31	15	159	347	8	142	144	154	0.418	0.938
LOKIASV2_0713_ESMFold_NOG1_family_protein	af_Q54MX3_1_266_1.20.1170.10	af_Q54MX3_1_266_1.20.1170.10	1.553E+00	0.090	30	17	160	347	100	261	266	185	0.415	0.609
LOKIASV2_0713_ESMFold_NOG1_family_protein	af_A0A1D6EB46_52_323_1.20.1170.10	af_A0A1D6EB46_52_323_1.20.1170.10	4.220E+00	0.090	30	15	160	347	121	263	272	154	0.421	0.526
LOKIASV2_0713_ESMFold_NOG1_family_protein	1sr9B01	1sr9B01	4.426E+00	0.090	30	240	322	347	171	256	340	93	0.239	0.253
LOKIASV2_0713_ESMFold_NOG1_family_protein	af_P76235_3_421_3.40.50.410	af_P76235_3_421_3.40.50.410	1.012E+00	0.090	30	84	332	347	166	411	419	282	0.718	0.587
LOKIASV2_0713_ESMFold_NOG1_family_protein	af_A0A2R9YJG7_640_756_1.20.120.230	af_A0A2R9YJG7_640_756_1.20.120.230	2.499E+00	0.082	29	16	144	347	2	116	117	139	0.372	0.983
LOKIASV2_0713_ESMFold_NOG1_family_protein	af_Q8L7Q7_91_240_1.20.140.40	af_Q8L7Q7_91_240_1.20.140.40	2.621E+00	0.082	29	20	159	347	14	141	150	146	0.403	0.853
LOKIASV2_0713_ESMFold_NOG1_family_protein	4pr9F00	4pr9F00	3.837E+00	0.082	29	1	154	347	1	148	160	171	0.444	0.925
LOKIASV2_0713_ESMFold_NOG1_family_protein	af_A0A144A0U7_10_199_3.90.550.10	af_A0A144A0U7_10_199_3.90.550.10	2.749E+00	0.082	29	168	342	347	7	142	190	177	0.504	0.716
LOKIASV2_0713_ESMFold_NOG1_family_protein	af_I1MY53_50_374_1.20.1170.10	af_I1MY53_50_374_1.20.1170.10	5.889E+00	0.082	29	16	160	347	182	316	325	145	0.418	0.415
LOKIASV2_0713_ESMFold_NOG1_family_protein	af_G5EGH5_9_358_1.20.1070.10	af_G5EGH5_9_358_1.20.1070.10	4.426E+00	0.082	29	13	165	347	173	340	350	171	0.441	0.480
LOKIASV2_0713_ESMFold_NOG1_family_protein	af_Q10R04_1_472_2.130.10.110	af_Q10R04_1_472_2.130.10.110	4.641E+00	0.082	29	4	145	347	332	442	472	147	0.409	0.235
LOKIASV2_0713_ESMFold_NOG1_family_protein	af_Q2FW95_1684_1760_1.20.58.70	af_Q2FW95_1684_1760_1.20.58.70	6.477E+00	0.076	28	78	142	347	5	70	77	72	0.187	0.857
LOKIASV2_0713_ESMFold_NOG1_family_protein	1z23A00	1z23A00	6.477E+00	0.076	28	14	158	347	22	157	163	156	0.418	0.834
LOKIASV2_0713_ESMFold_NOG1_family_protein	5l0jA00	5l0jA00	2.499E+00	0.076	28	1	157	347	3	151	165	172	0.452	0.903
LOKIASV2_0713_ESMFold_NOG1_family_protein	af_A4I7V2_241_423_3.40.50.300	af_A4I7V2_241_423_3.40.50.300	3.903E-01	0.076	28	161	326	347	2	180	183	224	0.478	0.978
LOKIASV2_0713_ESMFold_NOG1_family_protein	af_P14575_77_269_1.20.120.80	af_P14575_77_269_1.20.120.80	6.477E+00	0.076	28	8	141	347	54	181	193	144	0.386	0.663
LOKIASV2_0713_ESMFold_NOG1_family_protein	af_Q8LET2_2_201_3.90.79.10	af_Q8LET2_2_201_3.90.79.10	2.883E+00	0.076	28	184	245	347	148	199	200	64	0.179	0.260
LOKIASV2_0713_ESMFold_NOG1_family_protein	5yxlC00	5yxlC00	5.991E-01	0.076	28	15	160	347	4	164	210	173	0.421	0.767
LOKIASV2_0713_ESMFold_NOG1_family_protein	af_Q9TZ00_18_293_1.20.1070.10	af_Q9TZ00_18_293_1.20.1070.10	4.641E+00	0.076	28	15	158	347	155	274	276	146	0.415	0.435
LOKIASV2_0713_ESMFold_NOG1_family_protein	af_Q2FW95_683_759_1.20.5.420	af_Q2FW95_683_759_1.20.5.420	7.472E+00	0.069	27	40	143	347	2	71	77	104	0.300	0.909
LOKIASV2_0713_ESMFold_NOG1_family_protein	af_Q9XIF0_10_127_1.20.5.4130	af_Q9XIF0_10_127_1.20.5.4130	9.039E+00	0.069	27	15	152	347	9	115	118	139	0.398	0.907
LOKIASV2_0713_ESMFold_NOG1_family_protein	af_P32854_18_148_1.20.58.70	af_P32854_18_148_1.20.58.70	6.176E+00	0.069	27	47	160	347	8	121	131	120	0.329	0.870
LOKIASV2_0713_ESMFold_NOG1_family_protein	2ligB00	2ligB00	4.024E+00	0.069	27	4	145	347	31	155	157	149	0.409	0.796
LOKIASV2_0713_ESMFold_NOG1_family_protein	af_Q99N07_47_207_1.20.140.150	af_Q99N07_47_207_1.20.140.150	4.641E+00	0.069	27	15	161	347	10	159	161	163	0.424	0.932
LOKIASV2_0713_ESMFold_NOG1_family_protein	2yjdB00	2yjdB00	3.903E-01	0.069	27	13	160	347	1	164	223	180	0.427	0.735
LOKIASV2_0713_ESMFold_NOG1_family_protein	5q0wA00	5q0wA00	5.447E-01	0.069	27	15	160	347	7	174	228	180	0.421	0.737
LOKIASV2_0713_ESMFold_NOG1_family_protein	af_Q800G8_333_597_1.20.120.1240	af_Q800G8_333_597_1.20.120.1240	1.412E+00	0.069	27	15	160	347	64	249	265	192	0.421	0.702
LOKIASV2_0713_ESMFold_NOG1_family_protein	af_Q9VW41_5_131_1.20.120.560	af_Q9VW41_5_131_1.20.120.560	6.176E+00	0.063	26	15	146	347	14	125	127	136	0.380	0.882
LOKIASV2_0713_ESMFold_NOG1_family_protein	af_O15063_59_187_1.20.1420.10	af_O15063_59_187_1.20.1420.10	9.039E+00	0.063	26	29	154	347	1	127	129	138	0.363	0.984
LOKIASV2_0713_ESMFold_NOG1_family_protein	af_Q9C9X5_159_310_1.20.58.150	af_Q9C9X5_159_310_1.20.58.150	2.621E+00	0.063	26	15	165	347	22	144	152	165	0.435	0.809
LOKIASV2_0713_ESMFold_NOG1_family_protein	af_Q99N09_47_204_1.20.140.150	af_Q99N09_47_204_1.20.140.150	4.868E+00	0.063	26	15	161	347	9	156	158	157	0.424	0.937
LOKIASV2_0713_ESMFold_NOG1_family_protein	af_P24891_68_255_1.20.120.80	af_P24891_68_255_1.20.120.80	6.176E+00	0.063	26	1	148	347	51	183	188	158	0.427	0.707
LOKIASV2_0713_ESMFold_NOG1_family_protein	af_O02233_21_221_3.20.20.80	af_O02233_21_221_3.20.20.80	6.477E+00	0.063	26	238	322	347	44	128	201	94	0.245	0.423
LOKIASV2_0713_ESMFold_NOG1_family_protein	4x0rA00	4x0rA00	5.354E+00	0.063	26	14	160	347	39	193	201	171	0.424	0.771
LOKIASV2_0713_ESMFold_NOG1_family_protein	3dcuA00	3dcuA00	7.248E-01	0.063	26	15	160	347	6	173	229	178	0.421	0.734
LOKIASV2_0713_ESMFold_NOG1_family_protein	af_Q4DG16_297_611_1.20.120.1900	af_Q4DG16_297_611_1.20.120.1900	2.167E+00	0.063	26	4	160	347	18	259	315	250	0.452	0.768
LOKIASV2_0713_ESMFold_NOG1_family_protein	af_B4FMP9_29_176_1.20.140.40	af_B4FMP9_29_176_1.20.140.40	2.272E+00	0.057	25	15	162	347	13	148	148	152	0.427	0.919
LOKIASV2_0713_ESMFold_NOG1_family_protein	af_P05704_34_195_1.20.120.30	af_P05704_34_195_1.20.120.30	3.837E+00	0.057	25	15	161	347	22	159	162	163	0.424	0.852
LOKIASV2_0713_ESMFold_NOG1_family_protein	af_Q9W4H3_28_207_1.20.1070.10	af_Q9W4H3_28_207_1.20.1070.10	6.793E+00	0.057	25	15	146	347	27	151	180	140	0.380	0.694
LOKIASV2_0713_ESMFold_NOG1_family_protein	af_A0A0R0H600_74_264_1.20.120.80	af_A0A0R0H600_74_264_1.20.120.80	5.889E+00	0.057	25	12	150	347	53	188	191	159	0.401	0.712
LOKIASV2_0713_ESMFold_NOG1_family_protein	3ljbB00	3ljbB00	1.061E+00	0.057	25	15	160	347	9	196	211	193	0.421	0.891
LOKIASV2_0713_ESMFold_NOG1_family_protein	5ickA00	5ickA00	9.645E-01	0.057	25	15	160	347	6	173	229	177	0.421	0.734
LOKIASV2_0713_ESMFold_NOG1_family_protein	af_Q96RL7_2207_2456_2.60.40.10	af_Q96RL7_2207_2456_2.60.40.10	6.793E+00	0.057	25	189	223	347	71	106	250	36	0.101	0.144
LOKIASV2_0713_ESMFold_NOG1_family_protein	af_Q709C8_2764_3018_2.60.40.10	af_Q709C8_2764_3018_2.60.40.10	6.793E+00	0.057	25	189	223	347	71	106	255	36	0.101	0.141
LOKIASV2_0713_ESMFold_NOG1_family_protein	af_P18589_364_627_1.20.120.1240	af_P18589_364_627_1.20.120.1240	2.066E+00	0.057	25	15	161	347	49	253	264	210	0.424	0.777
LOKIASV2_0713_ESMFold_NOG1_family_protein	af_P10687_890_1166_1.20.1230.10	af_P10687_890_1166_1.20.1230.10	3.326E+00	0.057	25	15	160	347	74	244	277	181	0.421	0.617
LOKIASV2_0713_ESMFold_NOG1_family_protein	af_A0A1D8PFH4_1327_1449_1.20.120.330	af_A0A1D8PFH4_1327_1449_1.20.120.330	4.641E+00	0.051	24	19	151	347	2	122	123	145	0.383	0.984
LOKIASV2_0713_ESMFold_NOG1_family_protein	1jmwA00	1jmwA00	3.024E+00	0.051	24	15	143	347	29	140	146	129	0.372	0.767
LOKIASV2_0713_ESMFold_NOG1_family_protein	af_Q9VZU4_36_188_3.30.460.80	af_Q9VZU4_36_188_3.30.460.80	4.868E+00	0.051	24	173	288	347	54	145	153	125	0.334	0.601
LOKIASV2_0713_ESMFold_NOG1_family_protein	af_Q63767_547_708_1.20.120.830	af_Q63767_547_708_1.20.120.830	3.171E+00	0.051	24	12	158	347	26	156	162	156	0.424	0.809
LOKIASV2_0713_ESMFold_NOG1_family_protein	1t47B02	1t47B02	2.272E+00	0.051	24	174	247	347	112	194	199	89	0.213	0.417
LOKIASV2_0713_ESMFold_NOG1_family_protein	6a60A00	6a60A00	1.167E+00	0.051	24	17	160	347	11	164	219	164	0.415	0.703
LOKIASV2_0713_ESMFold_NOG1_family_protein	af_A0A2R8Q5W6_45_272_1.10.565.10	af_A0A2R8Q5W6_45_272_1.10.565.10	8.361E-01	0.051	24	13	158	347	2	198	228	204	0.421	0.864
LOKIASV2_0713_ESMFold_NOG1_family_protein	af_Q5QJV7_186_422_1.10.565.10	af_Q5QJV7_186_422_1.10.565.10	7.248E-01	0.051	24	10	158	347	3	209	237	213	0.429	0.873
LOKIASV2_0713_ESMFold_NOG1_family_protein	1z5xE00	1z5xE00	1.346E+00	0.051	24	10	156	347	1	210	237	215	0.424	0.886
LOKIASV2_0713_ESMFold_NOG1_family_protein	af_Q17771_182_448_1.10.565.10	af_Q17771_182_448_1.10.565.10	2.883E+00	0.051	24	15	158	347	20	194	267	179	0.415	0.655
LOKIASV2_0713_ESMFold_NOG1_family_protein	af_O62495_11_318_1.20.1070.10	af_O62495_11_318_1.20.1070.10	5.354E+00	0.051	24	16	151	347	161	298	308	148	0.392	0.448
LOKIASV2_0713_ESMFold_NOG1_family_protein	af_O45985_10_322_1.20.1070.10	af_O45985_10_322_1.20.1070.10	6.477E+00	0.051	24	41	163	347	197	310	313	130	0.354	0.364
LOKIASV2_0713_ESMFold_NOG1_family_protein	1yc9A01	1yc9A01	1.346E+00	0.051	24	1	162	347	1	169	327	174	0.467	0.517
LOKIASV2_0713_ESMFold_NOG1_family_protein	af_P16086_254_359_1.20.58.60	af_P16086_254_359_1.20.58.60	7.836E+00	0.045	23	15	149	347	11	105	106	137	0.389	0.896
LOKIASV2_0713_ESMFold_NOG1_family_protein	af_I1N5T2_121_227_1.20.120.290	af_I1N5T2_121_227_1.20.120.290	3.326E+00	0.045	23	1	141	347	1	105	107	141	0.406	0.981
LOKIASV2_0713_ESMFold_NOG1_family_protein	af_Q9SSA5_113_219_1.20.120.290	af_Q9SSA5_113_219_1.20.120.290	3.326E+00	0.045	23	1	141	347	1	105	107	141	0.406	0.981
LOKIASV2_0713_ESMFold_NOG1_family_protein	1t6qA00	1t6qA00	9.480E+00	0.045	23	10	147	347	3	104	110	141	0.398	0.927
LOKIASV2_0713_ESMFold_NOG1_family_protein	af_Q54BY6_2_128_3.10.180.10	af_Q54BY6_2_128_3.10.180.10	3.837E+00	0.045	23	165	245	347	1	94	127	98	0.233	0.740
LOKIASV2_0713_ESMFold_NOG1_family_protein	af_P07017_22_191_1.20.120.30	af_P07017_22_191_1.20.120.30	2.749E+00	0.045	23	4	156	347	27	168	170	155	0.441	0.835
LOKIASV2_0713_ESMFold_NOG1_family_protein	af_A0A0R4IBZ4_350_613_1.20.120.1240	af_A0A0R4IBZ4_350_613_1.20.120.1240	3.171E+00	0.045	23	15	159	347	60	247	264	195	0.418	0.712
LOKIASV2_0713_ESMFold_NOG1_family_protein	af_Q4D8U2_2_319_3.40.50.300	af_Q4D8U2_2_319_3.40.50.300	4.024E+00	0.045	23	170	310	347	2	214	318	235	0.406	0.670
LOKIASV2_0713_ESMFold_NOG1_family_protein	af_B9F8N0_1_426_1.20.1270.60	af_B9F8N0_1_426_1.20.1270.60	7.472E+00	0.045	23	4	158	347	13	194	426	184	0.447	0.427
LOKIASV2_0713_ESMFold_NOG1_family_protein	af_Q9FM68_82_531_3.20.20.80	af_Q9FM68_82_531_3.20.20.80	9.480E+00	0.045	23	236	320	347	334	423	450	96	0.245	0.200
LOKIASV2_0713_ESMFold_NOG1_family_protein	3ecrB03	3ecrB03	4.024E+00	0.040	22	179	286	347	9	95	102	113	0.311	0.853
LOKIASV2_0713_ESMFold_NOG1_family_protein	af_P16546_253_359_1.20.58.60	af_P16546_253_359_1.20.58.60	9.480E+00	0.040	22	15	149	347	12	106	107	137	0.389	0.888
LOKIASV2_0713_ESMFold_NOG1_family_protein	af_A4ICH4_855_1005_3.40.50.300	af_A4ICH4_855_1005_3.40.50.300	8.218E+00	0.040	22	16	143	347	27	146	151	132	0.369	0.795
LOKIASV2_0713_ESMFold_NOG1_family_protein	af_Q9VQI2_70_267_1.20.1070.10	af_Q9VQI2_70_267_1.20.1070.10	3.837E+00	0.040	22	5	151	347	15	176	198	174	0.424	0.818
LOKIASV2_0713_ESMFold_NOG1_family_protein	1cjxC02	1cjxC02	7.124E+00	0.040	22	171	258	347	8	93	202	97	0.254	0.426
LOKIASV2_0713_ESMFold_NOG1_family_protein	af_A4I905_43_258_1.20.58.70	af_A4I905_43_258_1.20.58.70	5.105E+00	0.040	22	15	161	347	59	191	216	153	0.424	0.616
LOKIASV2_0713_ESMFold_NOG1_family_protein	3ipsA00	3ipsA00	2.167E+00	0.040	22	15	160	347	6	200	224	203	0.421	0.871
LOKIASV2_0713_ESMFold_NOG1_family_protein	af_P41828_340_585_1.10.565.10	af_P41828_340_585_1.10.565.10	8.769E-01	0.040	22	14	160	347	13	213	246	206	0.424	0.817
LOKIASV2_0713_ESMFold_NOG1_family_protein	3c8dD02	3c8dD02	5.354E+00	0.040	22	189	343	347	17	245	246	248	0.447	0.931
LOKIASV2_0713_ESMFold_NOG1_family_protein	af_Q8II98_426_678_3.40.50.1820	af_Q8II98_426_678_3.40.50.1820	2.749E+00	0.040	22	259	322	347	169	227	253	70	0.184	0.233
LOKIASV2_0713_ESMFold_NOG1_family_protein	af_P90824_14_274_1.20.1070.10	af_P90824_14_274_1.20.1070.10	4.641E+00	0.040	22	15	165	347	7	193	261	198	0.435	0.716
LOKIASV2_0713_ESMFold_NOG1_family_protein	af_F1QLQ2_14_311_1.20.1070.10	af_F1QLQ2_14_311_1.20.1070.10	5.105E+00	0.040	22	15	146	347	25	154	298	152	0.380	0.436
LOKIASV2_0713_ESMFold_NOG1_family_protein	af_P46092_37_335_1.20.1070.10	af_P46092_37_335_1.20.1070.10	9.942E+00	0.040	22	32	158	347	158	271	299	136	0.366	0.381
LOKIASV2_0713_ESMFold_NOG1_family_protein	1wzaA01	1wzaA01	6.477E+00	0.040	22	234	322	347	102	228	340	131	0.256	0.374
LOKIASV2_0713_ESMFold_NOG1_family_protein	af_Q6DYE2_31_406_1.20.1170.10	af_Q6DYE2_31_406_1.20.1170.10	4.220E+00	0.040	22	10	158	347	201	365	376	177	0.429	0.439
LOKIASV2_0713_ESMFold_NOG1_family_protein	af_A0A1D8PMD4_3_407_3.40.50.1440	af_A0A1D8PMD4_3_407_3.40.50.1440	8.218E+00	0.040	22	169	322	347	2	232	405	240	0.444	0.570
LOKIASV2_0713_ESMFold_NOG1_family_protein	af_Q13813_253_360_1.20.58.60	af_Q13813_253_360_1.20.58.60	9.942E+00	0.034	21	15	149	347	12	106	108	137	0.389	0.880
LOKIASV2_0713_ESMFold_NOG1_family_protein	1q0dA00	1q0dA00	7.124E+00	0.034	21	10	146	347	9	116	117	137	0.395	0.923
LOKIASV2_0713_ESMFold_NOG1_family_protein	af_D4A899_2200_2335_2.60.40.10	af_D4A899_2200_2335_2.60.40.10	8.218E+00	0.034	21	189	235	347	71	117	136	48	0.135	0.346
LOKIASV2_0713_ESMFold_NOG1_family_protein	af_Q5A995_1_139_3.30.960.10	af_Q5A995_1_139_3.30.960.10	5.615E+00	0.034	21	69	165	347	26	126	139	106	0.280	0.727
LOKIASV2_0713_ESMFold_NOG1_family_protein	af_I1NBN0_63_212_1.20.140.40	af_I1NBN0_63_212_1.20.140.40	7.124E+00	0.034	21	12	159	347	1	147	150	172	0.427	0.980
LOKIASV2_0713_ESMFold_NOG1_family_protein	af_Q9LQW4_146_301_1.20.58.150	af_Q9LQW4_146_301_1.20.58.150	8.218E+00	0.034	21	15	146	347	17	141	156	143	0.380	0.801
LOKIASV2_0713_ESMFold_NOG1_family_protein	af_Q5A970_159_327_1.20.58.340	af_Q5A970_159_327_1.20.58.340	6.793E+00	0.034	21	15	158	347	7	158	169	173	0.415	0.899
LOKIASV2_0713_ESMFold_NOG1_family_protein	1uhlB00	1uhlB00	1.878E+00	0.034	21	15	156	347	5	193	219	197	0.409	0.863
LOKIASV2_0713_ESMFold_NOG1_family_protein	af_Q45EL5_35_270_1.20.1510.10	af_Q45EL5_35_270_1.20.1510.10	4.426E+00	0.034	21	15	162	347	87	236	236	174	0.427	0.636
LOKIASV2_0713_ESMFold_NOG1_family_protein	af_A0A0R4INS6_1_242_1.20.1270.60	af_A0A0R4INS6_1_242_1.20.1270.60	7.124E+00	0.034	21	6	160	347	16	171	242	172	0.447	0.645
LOKIASV2_0713_ESMFold_NOG1_family_protein	1xlsE00	1xlsE00	8.361E-01	0.034	21	15	161	347	4	227	242	231	0.424	0.926
LOKIASV2_0713_ESMFold_NOG1_family_protein	1xv9B00	1xv9B00	1.224E+00	0.034	21	15	159	347	8	222	246	221	0.418	0.874
LOKIASV2_0713_ESMFold_NOG1_family_protein	af_P08032_1389_1497_1.20.58.60	af_P08032_1389_1497_1.20.58.60	9.480E+00	0.029	20	15	139	347	17	108	109	125	0.360	0.844
LOKIASV2_0713_ESMFold_NOG1_family_protein	af_K7LBY1_446_560_1.20.140.150	af_K7LBY1_446_560_1.20.140.150	9.039E+00	0.029	20	15	157	347	15	114	115	145	0.412	0.870
LOKIASV2_0713_ESMFold_NOG1_family_protein	af_M0R5H1_717_841_1.20.58.1540	af_M0R5H1_717_841_1.20.58.1540	7.124E+00	0.029	20	15	152	347	5	120	125	139	0.398	0.928
LOKIASV2_0713_ESMFold_NOG1_family_protein	af_Q9R0B9_282_427_3.90.550.10	af_Q9R0B9_282_427_3.90.550.10	5.615E+00	0.029	20	160	323	347	2	112	146	181	0.473	0.760
LOKIASV2_0713_ESMFold_NOG1_family_protein	af_A0A1D6DWT9_39_191_1.20.140.40	af_A0A1D6DWT9_39_191_1.20.140.40	5.354E+00	0.029	20	46	159	347	33	146	153	126	0.329	0.745
LOKIASV2_0713_ESMFold_NOG1_family_protein	af_Q61140_453_614_1.20.120.830	af_Q61140_453_614_1.20.120.830	6.477E+00	0.029	20	14	158	347	21	156	162	157	0.418	0.840
LOKIASV2_0713_ESMFold_NOG1_family_protein	af_Q6Z3G2_46_234_1.20.1270.60	af_Q6Z3G2_46_234_1.20.1270.60	6.477E+00	0.029	20	15	159	347	4	170	189	181	0.418	0.884
LOKIASV2_0713_ESMFold_NOG1_family_protein	af_Q20957_1_199_1.20.140.150	af_Q20957_1_199_1.20.140.150	7.472E+00	0.029	20	12	159	347	27	157	199	153	0.427	0.658
LOKIASV2_0713_ESMFold_NOG1_family_protein	4dk7C00	4dk7C00	4.220E+00	0.029	20	15	160	347	9	171	224	179	0.421	0.728
LOKIASV2_0713_ESMFold_NOG1_family_protein	af_A0A1D6GWG1_119_381_1.20.1170.10	af_A0A1D6GWG1_119_381_1.20.1170.10	5.354E+00	0.029	20	15	160	347	127	257	263	151	0.421	0.498
LOKIASV2_0713_ESMFold_NOG1_family_protein	af_Q9LJK4_85_355_1.20.1170.10	af_Q9LJK4_85_355_1.20.1170.10	6.176E+00	0.029	20	15	158	347	11	267	271	257	0.415	0.948
LOKIASV2_0713_ESMFold_NOG1_family_protein	af_B0V1H8_142_427_1.10.565.10	af_B0V1H8_142_427_1.10.565.10	1.970E+00	0.029	20	27	159	347	74	257	286	185	0.383	0.643
LOKIASV2_0713_ESMFold_NOG1_family_protein	af_E9QJ73_40_339_1.20.1070.10	af_E9QJ73_40_339_1.20.1070.10	9.942E+00	0.029	20	40	158	347	174	276	300	127	0.343	0.343
LOKIASV2_0713_ESMFold_NOG1_family_protein	af_Q4DVH8_317_805_1.20.1280.170	af_Q4DVH8_317_805_1.20.1280.170	1.346E+00	0.029	20	15	281	347	162	413	489	309	0.769	0.515
LOKIASV2_0713_ESMFold_NOG1_family_protein	af_D4AEL4_109_948_1.20.1560.10	af_D4AEL4_109_948_1.20.1560.10	1.628E+00	0.029	20	15	305	347	124	480	840	407	0.839	0.425
LOKIASV2_0713_ESMFold_NOG1_family_protein	af_Q9LYT5_47_183_1.20.140.40	af_Q9LYT5_47_183_1.20.140.40	4.426E+00	0.024	19	29	149	347	3	136	137	145	0.349	0.978
LOKIASV2_0713_ESMFold_NOG1_family_protein	af_F1LZT4_47_209_1.20.140.150	af_F1LZT4_47_209_1.20.140.150	6.477E+00	0.024	19	15	159	347	9	152	163	155	0.418	0.883
LOKIASV2_0713_ESMFold_NOG1_family_protein	5iawA00	5iawA00	2.883E+00	0.024	19	15	160	347	8	172	228	184	0.421	0.724
LOKIASV2_0713_ESMFold_NOG1_family_protein	4dk8C00	4dk8C00	3.024E+00	0.024	19	15	160	347	6	206	229	208	0.421	0.878
LOKIASV2_0713_ESMFold_NOG1_family_protein	af_D3KFT5_1_252_3.40.50.720	af_D3KFT5_1_252_3.40.50.720	5.615E+00	0.024	19	229	324	347	101	248	252	148	0.277	0.587
LOKIASV2_0713_ESMFold_NOG1_family_protein	af_G5ECS6_14_273_1.20.1070.10	af_G5ECS6_14_273_1.20.1070.10	8.619E+00	0.024	19	15	165	347	6	192	260	194	0.435	0.719
LOKIASV2_0713_ESMFold_NOG1_family_protein	af_Q22445_7_300_1.20.1070.10	af_Q22445_7_300_1.20.1070.10	9.039E+00	0.024	19	37	160	347	160	275	294	134	0.357	0.395
LOKIASV2_0713_ESMFold_NOG1_family_protein	af_Q4DQF7_126_446_1.20.1250.20	af_Q4DQF7_126_446_1.20.1250.20	4.220E+00	0.024	19	10	157	347	160	280	321	159	0.427	0.377
LOKIASV2_0713_ESMFold_NOG1_family_protein	af_O45739_29_381_1.20.1070.10	af_O45739_29_381_1.20.1070.10	8.619E+00	0.024	19	32	160	347	197	331	353	144	0.372	0.382
LOKIASV2_0713_ESMFold_NOG1_family_protein	af_Q9UPN3_4691_4800_1.20.58.60	af_Q9UPN3_4691_4800_1.20.58.60	6.176E+00	0.020	18	15	143	347	3	109	110	136	0.372	0.973
LOKIASV2_0713_ESMFold_NOG1_family_protein	af_Q9VCJ2_102_237_3.40.525.10	af_Q9VCJ2_102_237_3.40.525.10	9.942E+00	0.020	18	233	322	347	27	127	136	109	0.259	0.743
LOKIASV2_0713_ESMFold_NOG1_family_protein	2c21D00	2c21D00	5.615E+00	0.020	18	171	280	347	6	93	139	115	0.317	0.633
LOKIASV2_0713_ESMFold_NOG1_family_protein	af_E7F5Q8_197_354_1.20.120.350	af_E7F5Q8_197_354_1.20.120.350	9.942E+00	0.020	18	15	149	347	31	152	158	137	0.389	0.772
LOKIASV2_0713_ESMFold_NOG1_family_protein	af_Q1ZXE9_716_918_1.20.1410.10	af_Q1ZXE9_716_918_1.20.1410.10	5.354E+00	0.020	18	15	149	347	19	189	203	172	0.389	0.842
LOKIASV2_0713_ESMFold_NOG1_family_protein	af_P33338_701_925_1.20.1410.10	af_P33338_701_925_1.20.1410.10	5.354E+00	0.020	18	1	165	347	42	222	225	199	0.476	0.804
LOKIASV2_0713_ESMFold_NOG1_family_protein	af_O97324_491_727_1.20.58.1930	af_O97324_491_727_1.20.58.1930	7.124E+00	0.020	18	15	144	347	105	235	237	139	0.375	0.553
LOKIASV2_0713_ESMFold_NOG1_family_protein	af_P49116_348_596_1.10.565.10	af_P49116_348_596_1.10.565.10	3.658E+00	0.020	18	10	158	347	12	200	249	203	0.429	0.759
LOKIASV2_0713_ESMFold_NOG1_family_protein	af_P31396_231_480_1.10.565.10	af_P31396_231_480_1.10.565.10	2.383E+00	0.020	18	17	160	347	13	225	250	219	0.415	0.852
LOKIASV2_0713_ESMFold_NOG1_family_protein	af_Q10199_11_281_1.20.1270.60	af_Q10199_11_281_1.20.1270.60	5.354E+00	0.020	18	15	158	347	45	221	271	180	0.415	0.653
LOKIASV2_0713_ESMFold_NOG1_family_protein	af_Q9XTV0_14_317_1.20.1070.10	af_Q9XTV0_14_317_1.20.1070.10	6.793E+00	0.020	18	10	149	347	147	295	304	163	0.403	0.490
LOKIASV2_0713_ESMFold_NOG1_family_protein	af_A0A140LG78_29_333_1.20.1070.10	af_A0A140LG78_29_333_1.20.1070.10	9.039E+00	0.020	18	32	158	347	150	266	305	143	0.366	0.384
LOKIASV2_0713_ESMFold_NOG1_family_protein	2asrA00	2asrA00	6.176E+00	0.016	17	15	146	347	26	140	142	132	0.380	0.810
LOKIASV2_0713_ESMFold_NOG1_family_protein	af_Q54EX8_313_506_1.20.1250.20	af_Q54EX8_313_506_1.20.1250.20	7.836E+00	0.016	17	4	163	347	15	185	194	190	0.461	0.881
LOKIASV2_0713_ESMFold_NOG1_family_protein	af_F8W5C6_203_404_1.20.1270.60	af_F8W5C6_203_404_1.20.1270.60	8.619E+00	0.016	17	15	158	347	44	189	202	156	0.415	0.723
LOKIASV2_0713_ESMFold_NOG1_family_protein	af_I1KZR0_333_545_1.20.120.1240	af_I1KZR0_333_545_1.20.120.1240	7.472E+00	0.016	17	3	163	347	48	163	213	163	0.464	0.545
LOKIASV2_0713_ESMFold_NOG1_family_protein	1jadB00	1jadB00	2.066E+00	0.016	17	15	161	347	45	227	235	198	0.424	0.779
LOKIASV2_0713_ESMFold_NOG1_family_protein	4qjrA00	4qjrA00	6.793E+00	0.016	17	13	159	347	18	210	244	199	0.424	0.791
LOKIASV2_0713_ESMFold_NOG1_family_protein	af_A0A1D8PEG6_32_281_1.20.1270.60	af_A0A1D8PEG6_32_281_1.20.1270.60	4.868E+00	0.016	17	15	158	347	41	220	250	199	0.415	0.720
LOKIASV2_0713_ESMFold_NOG1_family_protein	af_P41830_242_495_1.10.565.10	af_P41830_242_495_1.10.565.10	3.171E+00	0.016	17	15	160	347	15	221	254	209	0.421	0.815
LOKIASV2_0713_ESMFold_NOG1_family_protein	af_Q4D5P5_128_453_1.20.1250.20	af_Q4D5P5_128_453_1.20.1250.20	6.793E+00	0.016	17	6	158	347	163	311	326	176	0.441	0.457
LOKIASV2_0713_ESMFold_NOG1_family_protein	af_Q2FYM7_40_370_1.20.1170.10	af_Q2FYM7_40_370_1.20.1170.10	5.615E+00	0.016	17	16	161	347	47	208	331	174	0.421	0.489
LOKIASV2_0713_ESMFold_NOG1_family_protein	af_A0A1D6P8A6_641_759_1.20.1280.170	af_A0A1D6P8A6_641_759_1.20.1280.170	7.124E+00	0.014	16	17	133	347	2	115	119	130	0.337	0.958
LOKIASV2_0713_ESMFold_NOG1_family_protein	af_Q55F06_951_1146_1.10.357.50	af_Q55F06_951_1146_1.10.357.50	9.039E+00	0.014	16	15	146	347	18	192	196	190	0.380	0.893
LOKIASV2_0713_ESMFold_NOG1_family_protein	af_Q9VSR7_639_853_1.10.730.10	af_Q9VSR7_639_853_1.10.730.10	5.354E+00	0.014	16	9	160	347	13	193	215	183	0.438	0.842
LOKIASV2_0713_ESMFold_NOG1_family_protein	af_P16376_301_532_1.10.565.10	af_P16376_301_532_1.10.565.10	7.836E+00	0.014	16	16	157	347	9	145	232	160	0.409	0.591
LOKIASV2_0713_ESMFold_NOG1_family_protein	af_P91829_94_344_1.10.565.10	af_P91829_94_344_1.10.565.10	1.283E+00	0.014	16	15	160	347	15	223	251	219	0.421	0.833
LOKIASV2_0713_ESMFold_NOG1_family_protein	af_I1JSY9_7_419_1.20.1250.20	af_I1JSY9_7_419_1.20.1250.20	3.837E+00	0.014	16	4	166	347	240	380	413	183	0.470	0.341
LOKIASV2_0713_ESMFold_NOG1_family_protein	af_M0R4I7_50_220_3.40.390.10	af_M0R4I7_50_220_3.40.390.10	8.218E+00	0.011	15	15	138	347	16	164	171	159	0.357	0.871
LOKIASV2_0713_ESMFold_NOG1_family_protein	af_Q54V53_9_255_1.20.1080.10	af_Q54V53_9_255_1.20.1080.10	5.105E+00	0.011	15	4	159	347	28	234	247	231	0.450	0.838
LOKIASV2_0713_ESMFold_NOG1_family_protein	af_P13053_125_419_1.10.565.10	af_P13053_125_419_1.10.565.10	8.218E+00	0.011	15	27	158	347	83	272	295	195	0.380	0.644
LOKIASV2_0713_ESMFold_NOG1_family_protein	af_O16687_18_341_1.20.1070.10	af_O16687_18_341_1.20.1070.10	7.124E+00	0.011	15	15	310	347	34	242	324	314	0.853	0.645
LOKIASV2_0713_ESMFold_NOG1_family_protein	af_Q9Y5X4_174_410_1.10.565.10	af_Q9Y5X4_174_410_1.10.565.10	4.024E+00	0.010	14	14	159	347	3	206	237	213	0.421	0.861
LOKIASV2_0713_ESMFold_NOG1_family_protein	af_Q9XI74_13_301_1.50.40.10	af_Q9XI74_13_301_1.50.40.10	9.480E+00	0.010	14	14	159	347	81	285	289	213	0.421	0.709
LOKIASV2_0713_ESMFold_NOG1_family_protein	4j5wA00	4j5wA00	5.354E+00	0.010	14	6	161	347	29	246	294	229	0.450	0.741
LOKIASV2_0713_ESMFold_NOG1_family_protein	af_Q9VY91_190_341_1.25.40.180	af_Q9VY91_190_341_1.25.40.180	9.942E+00	0.009	13	15	141	347	16	150	152	157	0.366	0.888
LOKIASV2_0713_ESMFold_NOG1_family_protein	af_Q38957_435_615_1.25.10.10	af_Q38957_435_615_1.25.10.10	5.889E+00	0.009	13	15	149	347	7	168	181	179	0.389	0.895
LOKIASV2_0713_ESMFold_NOG1_family_protein	af_A4HY36_135_320_1.25.40.10	af_A4HY36_135_320_1.25.40.10	7.836E+00	0.008	12	15	152	347	13	179	186	180	0.398	0.898
LOKIASV2_0713_ESMFold_NOG1_family_protein	af_Q61125_35_334_1.20.1070.10	af_Q61125_35_334_1.20.1070.10	9.480E+00	0.008	12	15	310	347	9	228	300	326	0.853	0.733
