LOKIASV2_1064_ESMFold_hypothetical_protein	MGYP000343794923.pdb.gz	MGYP000343794923.pdb.gz	2.819E-01	0.998	93	2	188	212	8	188	189	187	0.882	0.958
LOKIASV2_1064_ESMFold_hypothetical_protein	MGYP000287598952.pdb.gz	MGYP000287598952.pdb.gz	5.378E-01	0.996	90	23	188	212	15	180	181	169	0.783	0.917
LOKIASV2_1064_ESMFold_hypothetical_protein	MGYP003776881893.pdb.gz	MGYP003776881893.pdb.gz	1.833E-01	0.978	78	4	212	212	2	201	201	223	0.986	0.995
LOKIASV2_1064_ESMFold_hypothetical_protein	MGYP003681222619.pdb.gz	MGYP003681222619.pdb.gz	6.320E-01	0.978	78	67	211	212	59	199	235	145	0.684	0.600
LOKIASV2_1064_ESMFold_hypothetical_protein	MGYP000864554631.pdb.gz	MGYP000864554631.pdb.gz	4.336E-01	0.956	73	30	211	212	9	211	255	215	0.858	0.796
LOKIASV2_1064_ESMFold_hypothetical_protein	MGYP003485284567.pdb.gz	MGYP003485284567.pdb.gz	2.819E-01	0.949	72	11	190	212	11	195	196	191	0.849	0.944
LOKIASV2_1064_ESMFold_hypothetical_protein	MGYP003582511487.pdb.gz	MGYP003582511487.pdb.gz	1.327E-01	0.949	72	3	188	212	4	200	201	204	0.877	0.980
LOKIASV2_1064_ESMFold_hypothetical_protein	MGYP001588312416.pdb.gz	MGYP001588312416.pdb.gz	1.083E+00	0.923	69	23	171	212	31	172	173	149	0.703	0.821
LOKIASV2_1064_ESMFold_hypothetical_protein	MGYP001804904591.pdb.gz	MGYP001804904591.pdb.gz	2.399E-01	0.923	69	19	197	212	12	174	174	183	0.844	0.937
LOKIASV2_1064_ESMFold_hypothetical_protein	MGYP003997221575.pdb.gz	MGYP003997221575.pdb.gz	1.665E+00	0.923	69	3	177	212	21	188	193	176	0.825	0.870
LOKIASV2_1064_ESMFold_hypothetical_protein	MGYP003575108030.pdb.gz	MGYP003575108030.pdb.gz	2.975E-01	0.923	69	1	188	212	3	200	201	205	0.887	0.985
LOKIASV2_1064_ESMFold_hypothetical_protein	MGYP003611313296.pdb.gz	MGYP003611313296.pdb.gz	1.014E-01	0.923	69	19	212	212	34	223	223	202	0.915	0.852
LOKIASV2_1064_ESMFold_hypothetical_protein	MGYP001574864977.pdb.gz	MGYP001574864977.pdb.gz	1.495E+00	0.900	67	3	194	212	8	192	193	202	0.906	0.959
LOKIASV2_1064_ESMFold_hypothetical_protein	MGYP000252703745.pdb.gz	MGYP000252703745.pdb.gz	1.854E+00	0.887	66	30	196	212	2	170	176	177	0.788	0.960
LOKIASV2_1064_ESMFold_hypothetical_protein	MGYP000743348702.pdb.gz	MGYP000743348702.pdb.gz	1.206E+00	0.887	66	30	197	212	5	178	178	185	0.792	0.978
LOKIASV2_1064_ESMFold_hypothetical_protein	MGYP003133256287.pdb.gz	MGYP003133256287.pdb.gz	1.578E+00	0.887	66	29	211	212	179	361	368	193	0.863	0.497
LOKIASV2_1064_ESMFold_hypothetical_protein	MGYP000568263233.pdb.gz	MGYP000568263233.pdb.gz	7.039E-01	0.855	64	27	211	212	4	179	183	196	0.873	0.962
LOKIASV2_1064_ESMFold_hypothetical_protein	MGYP002515717697.pdb.gz	MGYP002515717697.pdb.gz	5.675E-01	0.817	62	27	183	212	2	152	153	157	0.741	0.987
LOKIASV2_1064_ESMFold_hypothetical_protein	MGYP001253475072.pdb.gz	MGYP001253475072.pdb.gz	1.957E+00	0.817	62	26	190	212	51	208	209	165	0.778	0.756
LOKIASV2_1064_ESMFold_hypothetical_protein	MGYP000013588901.pdb.gz	MGYP000013588901.pdb.gz	1.206E+00	0.772	60	23	183	212	6	176	182	176	0.759	0.940
LOKIASV2_1064_ESMFold_hypothetical_protein	MGYP000964882722.pdb.gz	MGYP000964882722.pdb.gz	1.495E+00	0.747	59	28	194	212	29	185	187	167	0.788	0.840
LOKIASV2_1064_ESMFold_hypothetical_protein	MGYP003353569644.pdb.gz	MGYP003353569644.pdb.gz	1.854E+00	0.663	56	51	209	212	36	197	198	169	0.750	0.818
LOKIASV2_1064_ESMFold_hypothetical_protein	MGYP001502276484.pdb.gz	MGYP001502276484.pdb.gz	3.940E+00	0.601	54	17	190	212	24	191	192	180	0.821	0.875
LOKIASV2_1064_ESMFold_hypothetical_protein	MGYP000505902924.pdb.gz	MGYP000505902924.pdb.gz	2.179E+00	0.569	53	56	209	212	16	165	171	156	0.726	0.877
LOKIASV2_1064_ESMFold_hypothetical_protein	MGYP001190522949.pdb.gz	MGYP001190522949.pdb.gz	1.417E+00	0.569	53	30	197	212	2	178	182	182	0.792	0.973
LOKIASV2_1064_ESMFold_hypothetical_protein	MGYP000386206272.pdb.gz	MGYP000386206272.pdb.gz	2.065E+00	0.569	53	1	186	212	2	188	189	196	0.877	0.989
LOKIASV2_1064_ESMFold_hypothetical_protein	MGYP000503043382.pdb.gz	MGYP000503043382.pdb.gz	1.665E+00	0.569	53	30	205	212	13	195	196	191	0.830	0.934
LOKIASV2_1064_ESMFold_hypothetical_protein	MGYP001208320572.pdb.gz	MGYP001208320572.pdb.gz	2.179E+00	0.537	52	2	210	212	4	211	239	217	0.986	0.870
LOKIASV2_1064_ESMFold_hypothetical_protein	MGYP003571929712.pdb.gz	MGYP003571929712.pdb.gz	1.417E+00	0.505	51	79	211	212	23	162	176	144	0.627	0.795
LOKIASV2_1064_ESMFold_hypothetical_protein	MGYP003332348400.pdb.gz	MGYP003332348400.pdb.gz	3.352E+00	0.505	51	13	188	212	3	185	187	200	0.830	0.979
LOKIASV2_1064_ESMFold_hypothetical_protein	MGYP000734200656.pdb.gz	MGYP000734200656.pdb.gz	4.886E+00	0.505	51	20	197	212	23	197	198	191	0.840	0.884
LOKIASV2_1064_ESMFold_hypothetical_protein	MGYP000715237009.pdb.gz	MGYP000715237009.pdb.gz	2.703E+00	0.505	51	4	212	212	2	199	199	213	0.986	0.995
LOKIASV2_1064_ESMFold_hypothetical_protein	MGYP003289734873.pdb.gz	MGYP003289734873.pdb.gz	2.427E+00	0.505	51	19	191	212	32	197	200	184	0.816	0.830
LOKIASV2_1064_ESMFold_hypothetical_protein	MGYP003970353661.pdb.gz	MGYP003970353661.pdb.gz	1.757E+00	0.505	51	17	204	212	139	325	551	202	0.887	0.339
LOKIASV2_1064_ESMFold_hypothetical_protein	MGYP000185185254.pdb.gz	MGYP000185185254.pdb.gz	4.630E+00	0.473	50	22	183	212	4	161	171	171	0.764	0.924
LOKIASV2_1064_ESMFold_hypothetical_protein	MGYP000969104759.pdb.gz	MGYP000969104759.pdb.gz	3.733E+00	0.473	50	23	189	212	38	197	198	176	0.788	0.808
LOKIASV2_1064_ESMFold_hypothetical_protein	MGYP002640318521.pdb.gz	MGYP002640318521.pdb.gz	3.538E+00	0.473	50	18	209	212	11	211	247	212	0.906	0.814
LOKIASV2_1064_ESMFold_hypothetical_protein	MGYP000211021597.pdb.gz	MGYP000211021597.pdb.gz	2.179E+00	0.473	50	16	205	212	99	282	322	196	0.896	0.571
LOKIASV2_1064_ESMFold_hypothetical_protein	MGYP001559619546.pdb.gz	MGYP001559619546.pdb.gz	1.083E+00	0.442	49	28	209	212	7	177	183	197	0.858	0.934
LOKIASV2_1064_ESMFold_hypothetical_protein	MGYP003193293887.pdb.gz	MGYP003193293887.pdb.gz	4.157E+00	0.442	49	3	188	212	11	200	202	197	0.877	0.941
LOKIASV2_1064_ESMFold_hypothetical_protein	MGYP001373906330.pdb.gz	MGYP001373906330.pdb.gz	4.886E+00	0.442	49	26	202	212	19	197	210	184	0.835	0.852
LOKIASV2_1064_ESMFold_hypothetical_protein	MGYP000732986955.pdb.gz	MGYP000732986955.pdb.gz	5.742E+00	0.442	49	4	196	212	19	212	213	202	0.910	0.911
LOKIASV2_1064_ESMFold_hypothetical_protein	MGYP001175454801.pdb.gz	MGYP001175454801.pdb.gz	1.854E+00	0.442	49	23	196	212	17	187	351	183	0.821	0.487
LOKIASV2_1064_ESMFold_hypothetical_protein	MGYP003383328440.pdb.gz	MGYP003383328440.pdb.gz	1.957E+00	0.382	47	13	188	212	2	176	177	190	0.830	0.989
LOKIASV2_1064_ESMFold_hypothetical_protein	MGYP000284684963.pdb.gz	MGYP000284684963.pdb.gz	2.427E+00	0.382	47	19	190	212	23	183	184	181	0.811	0.875
LOKIASV2_1064_ESMFold_hypothetical_protein	MGYP003119207697.pdb.gz	MGYP003119207697.pdb.gz	1.578E+00	0.382	47	1	210	212	1	179	194	210	0.991	0.923
LOKIASV2_1064_ESMFold_hypothetical_protein	MGYP003549822006.pdb.gz	MGYP003549822006.pdb.gz	1.757E+00	0.382	47	1	208	212	7	175	205	208	0.981	0.824
LOKIASV2_1064_ESMFold_hypothetical_protein	MGYP003523962364.pdb.gz	MGYP003523962364.pdb.gz	8.369E+00	0.382	47	3	196	212	18	205	207	208	0.915	0.908
LOKIASV2_1064_ESMFold_hypothetical_protein	MGYP000698111373.pdb.gz	MGYP000698111373.pdb.gz	6.748E+00	0.353	46	3	188	212	11	196	213	192	0.877	0.873
LOKIASV2_1064_ESMFold_hypothetical_protein	MGYP001223974350.pdb.gz	MGYP001223974350.pdb.gz	3.010E+00	0.353	46	5	209	212	2	204	235	216	0.967	0.864
LOKIASV2_1064_ESMFold_hypothetical_protein	MGYP001618186928.pdb.gz	MGYP001618186928.pdb.gz	1.343E+00	0.353	46	18	211	212	36	212	274	203	0.915	0.646
LOKIASV2_1064_ESMFold_hypothetical_protein	MGYP000742239913.pdb.gz	MGYP000742239913.pdb.gz	2.065E+00	0.326	45	37	211	212	9	184	214	184	0.825	0.822
LOKIASV2_1064_ESMFold_hypothetical_protein	MGYP001440537342.pdb.gz	MGYP001440537342.pdb.gz	3.733E+00	0.326	45	19	203	212	175	352	539	198	0.873	0.330
LOKIASV2_1064_ESMFold_hypothetical_protein	MGYP001825383382.pdb.gz	MGYP001825383382.pdb.gz	7.931E+00	0.301	44	16	195	212	19	188	189	185	0.849	0.899
LOKIASV2_1064_ESMFold_hypothetical_protein	MGYP000426687218.pdb.gz	MGYP000426687218.pdb.gz	3.352E+00	0.301	44	3	196	212	2	198	199	208	0.915	0.990
LOKIASV2_1064_ESMFold_hypothetical_protein	MGYP001576879986.pdb.gz	MGYP001576879986.pdb.gz	6.060E+00	0.301	44	1	196	212	15	200	205	198	0.925	0.907
LOKIASV2_1064_ESMFold_hypothetical_protein	MGYP001039965338.pdb.gz	MGYP001039965338.pdb.gz	6.060E+00	0.301	44	64	204	212	52	192	224	144	0.665	0.629
LOKIASV2_1064_ESMFold_hypothetical_protein	MGYP001590786284.pdb.gz	MGYP001590786284.pdb.gz	2.703E+00	0.301	44	18	196	212	129	303	520	186	0.844	0.337
LOKIASV2_1064_ESMFold_hypothetical_protein	MGYP003395870524.pdb.gz	MGYP003395870524.pdb.gz	4.886E+00	0.277	43	3	188	212	2	179	181	194	0.877	0.983
LOKIASV2_1064_ESMFold_hypothetical_protein	MGYP000255791655.pdb.gz	MGYP000255791655.pdb.gz	3.352E+00	0.277	43	10	194	212	19	191	192	195	0.873	0.901
LOKIASV2_1064_ESMFold_hypothetical_protein	MGYP000474622545.pdb.gz	MGYP000474622545.pdb.gz	3.538E+00	0.277	43	27	186	212	46	200	201	167	0.755	0.771
LOKIASV2_1064_ESMFold_hypothetical_protein	MGYP002624460467.pdb.gz	MGYP002624460467.pdb.gz	5.441E+00	0.277	43	1	211	212	1	223	267	232	0.995	0.835
LOKIASV2_1064_ESMFold_hypothetical_protein	MGYP000852362237.pdb.gz	MGYP000852362237.pdb.gz	1.026E+00	0.277	43	17	195	212	140	336	550	209	0.844	0.358
LOKIASV2_1064_ESMFold_hypothetical_protein	MGYP000774479684.pdb.gz	MGYP000774479684.pdb.gz	4.387E+00	0.254	42	2	211	212	5	162	190	210	0.991	0.832
LOKIASV2_1064_ESMFold_hypothetical_protein	MGYP002762716545.pdb.gz	MGYP002762716545.pdb.gz	4.387E+00	0.254	42	6	211	212	2	201	205	216	0.972	0.976
LOKIASV2_1064_ESMFold_hypothetical_protein	MGYP001374219336.pdb.gz	MGYP001374219336.pdb.gz	5.156E+00	0.254	42	2	203	212	17	210	216	215	0.953	0.898
LOKIASV2_1064_ESMFold_hypothetical_protein	MGYP002522222225.pdb.gz	MGYP002522222225.pdb.gz	6.395E+00	0.254	42	2	208	212	33	225	226	212	0.976	0.854
LOKIASV2_1064_ESMFold_hypothetical_protein	MGYP001336088931.pdb.gz	MGYP001336088931.pdb.gz	6.060E+00	0.254	42	7	196	212	23	226	229	219	0.896	0.891
LOKIASV2_1064_ESMFold_hypothetical_protein	MGYP001549790884.pdb.gz	MGYP001549790884.pdb.gz	7.122E+00	0.254	42	21	183	212	39	223	233	185	0.769	0.794
LOKIASV2_1064_ESMFold_hypothetical_protein	MGYP003686178967.pdb.gz	MGYP003686178967.pdb.gz	8.729E-01	0.254	42	25	211	212	3	230	248	236	0.882	0.919
LOKIASV2_1064_ESMFold_hypothetical_protein	MGYP003305980002.pdb.gz	MGYP003305980002.pdb.gz	3.733E+00	0.233	41	55	210	212	10	166	170	169	0.736	0.924
LOKIASV2_1064_ESMFold_hypothetical_protein	MGYP001476675877.pdb.gz	MGYP001476675877.pdb.gz	6.748E+00	0.233	41	10	198	212	3	188	193	203	0.892	0.964
LOKIASV2_1064_ESMFold_hypothetical_protein	MGYP002626066082.pdb.gz	MGYP002626066082.pdb.gz	3.940E+00	0.233	41	1	208	212	1	221	230	229	0.981	0.961
LOKIASV2_1064_ESMFold_hypothetical_protein	MGYP001221606213.pdb.gz	MGYP001221606213.pdb.gz	1.665E+00	0.233	41	19	209	212	18	218	243	208	0.901	0.827
LOKIASV2_1064_ESMFold_hypothetical_protein	MGYP001761396482.pdb.gz	MGYP001761396482.pdb.gz	9.321E+00	0.214	40	26	185	212	3	173	174	179	0.755	0.983
LOKIASV2_1064_ESMFold_hypothetical_protein	MGYP001437811728.pdb.gz	MGYP001437811728.pdb.gz	9.836E+00	0.214	40	16	209	212	5	191	193	196	0.915	0.969
LOKIASV2_1064_ESMFold_hypothetical_protein	MGYP001299161028.pdb.gz	MGYP001299161028.pdb.gz	7.931E+00	0.214	40	19	211	212	2	190	195	201	0.910	0.969
LOKIASV2_1064_ESMFold_hypothetical_protein	MGYP001308712326.pdb.gz	MGYP001308712326.pdb.gz	9.321E+00	0.214	40	2	208	212	15	213	247	211	0.976	0.806
LOKIASV2_1064_ESMFold_hypothetical_protein	MGYP001362036682.pdb.gz	MGYP001362036682.pdb.gz	6.060E+00	0.214	40	4	211	212	46	237	256	217	0.981	0.750
LOKIASV2_1064_ESMFold_hypothetical_protein	MGYP002350335827.pdb.gz	MGYP002350335827.pdb.gz	3.940E+00	0.214	40	13	196	212	193	386	487	203	0.868	0.398
LOKIASV2_1064_ESMFold_hypothetical_protein	MGYP001166114851.pdb.gz	MGYP001166114851.pdb.gz	5.441E+00	0.196	39	3	192	212	17	184	185	193	0.896	0.908
LOKIASV2_1064_ESMFold_hypothetical_protein	MGYP002283131306.pdb.gz	MGYP002283131306.pdb.gz	4.886E+00	0.196	39	7	178	212	3	185	187	187	0.811	0.979
LOKIASV2_1064_ESMFold_hypothetical_protein	MGYP000566113389.pdb.gz	MGYP000566113389.pdb.gz	3.733E+00	0.196	39	28	212	212	31	197	197	188	0.873	0.848
LOKIASV2_1064_ESMFold_hypothetical_protein	MGYP001584481428.pdb.gz	MGYP001584481428.pdb.gz	8.369E+00	0.196	39	18	211	212	7	194	200	203	0.915	0.940
LOKIASV2_1064_ESMFold_hypothetical_protein	MGYP001152445812.pdb.gz	MGYP001152445812.pdb.gz	1.083E+00	0.196	39	21	208	212	10	202	212	203	0.887	0.910
LOKIASV2_1064_ESMFold_hypothetical_protein	MGYP001324560339.pdb.gz	MGYP001324560339.pdb.gz	5.742E+00	0.196	39	2	211	212	34	230	247	211	0.991	0.798
LOKIASV2_1064_ESMFold_hypothetical_protein	MGYP000117637426.pdb.gz	MGYP000117637426.pdb.gz	9.321E+00	0.196	39	2	211	212	46	246	267	214	0.991	0.753
LOKIASV2_1064_ESMFold_hypothetical_protein	MGYP000625099188.pdb.gz	MGYP000625099188.pdb.gz	6.395E+00	0.196	39	64	209	212	39	187	298	153	0.689	0.500
LOKIASV2_1064_ESMFold_hypothetical_protein	MGYP003946026753.pdb.gz	MGYP003946026753.pdb.gz	3.940E+00	0.196	39	3	209	212	7	228	444	233	0.976	0.500
LOKIASV2_1064_ESMFold_hypothetical_protein	MGYP001625126652.pdb.gz	MGYP001625126652.pdb.gz	7.515E+00	0.179	38	20	203	212	4	184	185	190	0.868	0.978
LOKIASV2_1064_ESMFold_hypothetical_protein	MGYP003524034803.pdb.gz	MGYP003524034803.pdb.gz	8.832E+00	0.179	38	13	210	212	3	189	192	207	0.934	0.974
LOKIASV2_1064_ESMFold_hypothetical_protein	MGYP001262134624.pdb.gz	MGYP001262134624.pdb.gz	7.931E+00	0.179	38	7	189	212	17	206	208	199	0.863	0.913
LOKIASV2_1064_ESMFold_hypothetical_protein	MGYP003574993917.pdb.gz	MGYP003574993917.pdb.gz	6.748E+00	0.179	38	2	190	212	7	215	216	211	0.892	0.968
LOKIASV2_1064_ESMFold_hypothetical_protein	MGYP002655398575.pdb.gz	MGYP002655398575.pdb.gz	4.630E+00	0.179	38	3	211	212	16	206	220	215	0.986	0.868
LOKIASV2_1064_ESMFold_hypothetical_protein	MGYP000320171070.pdb.gz	MGYP000320171070.pdb.gz	2.561E+00	0.179	38	3	210	212	30	241	246	224	0.981	0.862
LOKIASV2_1064_ESMFold_hypothetical_protein	MGYP003285655633.pdb.gz	MGYP003285655633.pdb.gz	6.748E+00	0.179	38	23	211	212	2	192	251	200	0.892	0.761
LOKIASV2_1064_ESMFold_hypothetical_protein	MGYP000429195797.pdb.gz	MGYP000429195797.pdb.gz	5.441E+00	0.164	37	18	201	212	2	170	172	199	0.868	0.983
LOKIASV2_1064_ESMFold_hypothetical_protein	MGYP003580251177.pdb.gz	MGYP003580251177.pdb.gz	2.427E+00	0.164	37	2	185	212	14	185	186	201	0.868	0.925
LOKIASV2_1064_ESMFold_hypothetical_protein	MGYP000996380986.pdb.gz	MGYP000996380986.pdb.gz	3.352E+00	0.164	37	17	208	212	7	204	206	199	0.906	0.961
LOKIASV2_1064_ESMFold_hypothetical_protein	MGYP001604259151.pdb.gz	MGYP001604259151.pdb.gz	4.886E+00	0.164	37	2	211	212	13	181	209	214	0.991	0.809
LOKIASV2_1064_ESMFold_hypothetical_protein	MGYP001608071401.pdb.gz	MGYP001608071401.pdb.gz	3.538E+00	0.164	37	4	211	212	8	203	219	214	0.981	0.895
LOKIASV2_1064_ESMFold_hypothetical_protein	MGYP000998025859.pdb.gz	MGYP000998025859.pdb.gz	5.156E+00	0.164	37	20	210	212	2	173	221	197	0.901	0.778
LOKIASV2_1064_ESMFold_hypothetical_protein	MGYP001115146000.pdb.gz	MGYP001115146000.pdb.gz	6.060E+00	0.164	37	3	211	212	9	218	224	227	0.986	0.938
LOKIASV2_1064_ESMFold_hypothetical_protein	MGYP004006852051.pdb.gz	MGYP004006852051.pdb.gz	3.538E+00	0.164	37	17	211	212	18	200	228	197	0.920	0.803
LOKIASV2_1064_ESMFold_hypothetical_protein	MGYP000501222668.pdb.gz	MGYP000501222668.pdb.gz	3.733E+00	0.164	37	3	208	212	25	223	233	209	0.972	0.854
LOKIASV2_1064_ESMFold_hypothetical_protein	MGYP001379915689.pdb.gz	MGYP001379915689.pdb.gz	2.427E+00	0.164	37	19	209	212	12	218	240	216	0.901	0.863
LOKIASV2_1064_ESMFold_hypothetical_protein	MGYP003306214495.pdb.gz	MGYP003306214495.pdb.gz	6.060E+00	0.150	36	28	197	212	5	184	184	192	0.802	0.978
LOKIASV2_1064_ESMFold_hypothetical_protein	MGYP003657233446.pdb.gz	MGYP003657233446.pdb.gz	3.940E+00	0.150	36	28	208	212	14	184	188	184	0.854	0.910
LOKIASV2_1064_ESMFold_hypothetical_protein	MGYP000465136859.pdb.gz	MGYP000465136859.pdb.gz	4.157E+00	0.150	36	19	208	212	36	193	195	197	0.896	0.810
LOKIASV2_1064_ESMFold_hypothetical_protein	MGYP001094585073.pdb.gz	MGYP001094585073.pdb.gz	4.886E+00	0.150	36	2	182	212	18	197	201	203	0.854	0.896
LOKIASV2_1064_ESMFold_hypothetical_protein	MGYP003559820387.pdb.gz	MGYP003559820387.pdb.gz	7.931E+00	0.150	36	23	209	212	2	176	201	192	0.882	0.871
LOKIASV2_1064_ESMFold_hypothetical_protein	MGYP004417012521.pdb.gz	MGYP004417012521.pdb.gz	4.157E+00	0.150	36	36	211	212	9	199	205	196	0.830	0.932
LOKIASV2_1064_ESMFold_hypothetical_protein	MGYP000990336598.pdb.gz	MGYP000990336598.pdb.gz	8.832E+00	0.150	36	17	207	212	15	205	206	196	0.901	0.927
LOKIASV2_1064_ESMFold_hypothetical_protein	MGYP003139678348.pdb.gz	MGYP003139678348.pdb.gz	9.836E+00	0.150	36	1	209	212	1	197	208	215	0.986	0.947
LOKIASV2_1064_ESMFold_hypothetical_protein	MGYP003144139958.pdb.gz	MGYP003144139958.pdb.gz	3.352E+00	0.150	36	24	210	212	41	225	238	196	0.882	0.777
LOKIASV2_1064_ESMFold_hypothetical_protein	MGYP001501920371.pdb.gz	MGYP001501920371.pdb.gz	2.561E+00	0.150	36	3	211	212	2	223	245	229	0.986	0.906
LOKIASV2_1064_ESMFold_hypothetical_protein	MGYP003428989766.pdb.gz	MGYP003428989766.pdb.gz	4.387E+00	0.138	35	31	207	212	2	174	181	184	0.835	0.956
LOKIASV2_1064_ESMFold_hypothetical_protein	MGYP001289005129.pdb.gz	MGYP001289005129.pdb.gz	6.395E+00	0.138	35	1	192	212	1	192	193	205	0.906	0.995
LOKIASV2_1064_ESMFold_hypothetical_protein	MGYP001489171352.pdb.gz	MGYP001489171352.pdb.gz	7.122E+00	0.138	35	1	211	212	1	180	209	215	0.995	0.861
LOKIASV2_1064_ESMFold_hypothetical_protein	MGYP000367788705.pdb.gz	MGYP000367788705.pdb.gz	1.957E+00	0.138	35	17	211	212	7	196	214	206	0.920	0.888
LOKIASV2_1064_ESMFold_hypothetical_protein	MGYP000913059804.pdb.gz	MGYP000913059804.pdb.gz	6.748E+00	0.138	35	28	209	212	60	210	215	186	0.858	0.702
LOKIASV2_1064_ESMFold_hypothetical_protein	MGYP001252782157.pdb.gz	MGYP001252782157.pdb.gz	1.578E+00	0.138	35	19	211	212	19	212	218	214	0.910	0.890
LOKIASV2_1064_ESMFold_hypothetical_protein	MGYP001598648391.pdb.gz	MGYP001598648391.pdb.gz	7.515E+00	0.138	35	23	210	212	3	176	226	188	0.887	0.770
LOKIASV2_1064_ESMFold_hypothetical_protein	MGYP001106961782.pdb.gz	MGYP001106961782.pdb.gz	8.832E+00	0.138	35	25	210	212	22	171	235	187	0.877	0.638
LOKIASV2_1064_ESMFold_hypothetical_protein	MGYP001226038992.pdb.gz	MGYP001226038992.pdb.gz	7.931E+00	0.138	35	17	211	212	5	212	252	212	0.920	0.825
LOKIASV2_1064_ESMFold_hypothetical_protein	MGYP001090364839.pdb.gz	MGYP001090364839.pdb.gz	9.321E+00	0.138	35	26	208	212	17	201	267	195	0.863	0.693
LOKIASV2_1064_ESMFold_hypothetical_protein	MGYP002623939071.pdb.gz	MGYP002623939071.pdb.gz	7.515E+00	0.138	35	17	208	212	41	227	269	199	0.906	0.695
LOKIASV2_1064_ESMFold_hypothetical_protein	MGYP000556957786.pdb.gz	MGYP000556957786.pdb.gz	7.122E+00	0.138	35	101	203	212	83	181	325	106	0.486	0.305
LOKIASV2_1064_ESMFold_hypothetical_protein	MGYP001584483496.pdb.gz	MGYP001584483496.pdb.gz	7.931E+00	0.138	35	23	196	212	119	299	492	194	0.821	0.368
LOKIASV2_1064_ESMFold_hypothetical_protein	MGYP000661132836.pdb.gz	MGYP000661132836.pdb.gz	7.515E+00	0.126	34	1	171	212	1	175	176	183	0.807	0.994
LOKIASV2_1064_ESMFold_hypothetical_protein	MGYP001187109455.pdb.gz	MGYP001187109455.pdb.gz	6.060E+00	0.126	34	31	197	212	2	174	179	179	0.788	0.966
LOKIASV2_1064_ESMFold_hypothetical_protein	MGYP000736363982.pdb.gz	MGYP000736363982.pdb.gz	5.156E+00	0.126	34	1	191	212	1	177	179	195	0.901	0.989
LOKIASV2_1064_ESMFold_hypothetical_protein	MGYP003291302102.pdb.gz	MGYP003291302102.pdb.gz	7.122E+00	0.126	34	2	174	212	11	186	187	187	0.816	0.941
LOKIASV2_1064_ESMFold_hypothetical_protein	MGYP000761319963.pdb.gz	MGYP000761319963.pdb.gz	6.748E+00	0.126	34	3	194	212	13	191	192	205	0.906	0.932
LOKIASV2_1064_ESMFold_hypothetical_protein	MGYP003512296376.pdb.gz	MGYP003512296376.pdb.gz	3.733E+00	0.126	34	4	211	212	3	196	202	215	0.981	0.960
LOKIASV2_1064_ESMFold_hypothetical_protein	MGYP003685696559.pdb.gz	MGYP003685696559.pdb.gz	2.065E+00	0.126	34	17	185	212	24	181	208	184	0.797	0.760
LOKIASV2_1064_ESMFold_hypothetical_protein	MGYP001169615942.pdb.gz	MGYP001169615942.pdb.gz	6.060E+00	0.126	34	2	212	212	12	210	210	217	0.995	0.948
LOKIASV2_1064_ESMFold_hypothetical_protein	MGYP003349002743.pdb.gz	MGYP003349002743.pdb.gz	2.300E+00	0.126	34	14	189	212	34	209	217	184	0.830	0.811
LOKIASV2_1064_ESMFold_hypothetical_protein	MGYP002522664911.pdb.gz	MGYP002522664911.pdb.gz	7.122E+00	0.126	34	2	211	212	11	202	218	213	0.991	0.881
LOKIASV2_1064_ESMFold_hypothetical_protein	MGYP001177085142.pdb.gz	MGYP001177085142.pdb.gz	1.578E+00	0.126	34	21	208	212	13	208	225	211	0.887	0.871
LOKIASV2_1064_ESMFold_hypothetical_protein	MGYP001926652771.pdb.gz	MGYP001926652771.pdb.gz	9.836E+00	0.126	34	20	211	212	36	222	226	200	0.906	0.827
LOKIASV2_1064_ESMFold_hypothetical_protein	MGYP001613898655.pdb.gz	MGYP001613898655.pdb.gz	3.177E+00	0.126	34	17	211	212	28	208	244	202	0.920	0.742
LOKIASV2_1064_ESMFold_hypothetical_protein	MGYP001001396293.pdb.gz	MGYP001001396293.pdb.gz	7.515E+00	0.126	34	3	209	212	16	194	245	218	0.976	0.731
LOKIASV2_1064_ESMFold_hypothetical_protein	MGYP003130938888.pdb.gz	MGYP003130938888.pdb.gz	1.957E+00	0.126	34	17	208	212	57	246	251	204	0.906	0.757
LOKIASV2_1064_ESMFold_hypothetical_protein	MGYP000659968901.pdb.gz	MGYP000659968901.pdb.gz	2.300E+00	0.126	34	17	211	212	9	231	269	227	0.920	0.829
LOKIASV2_1064_ESMFold_hypothetical_protein	MGYP001090018019.pdb.gz	MGYP001090018019.pdb.gz	6.395E+00	0.116	33	19	209	212	28	186	194	195	0.901	0.820
LOKIASV2_1064_ESMFold_hypothetical_protein	MGYP001584269070.pdb.gz	MGYP001584269070.pdb.gz	7.122E+00	0.116	33	19	212	212	34	210	210	204	0.915	0.843
LOKIASV2_1064_ESMFold_hypothetical_protein	MGYP001097665979.pdb.gz	MGYP001097665979.pdb.gz	9.836E+00	0.116	33	14	209	212	10	180	214	201	0.925	0.799
LOKIASV2_1064_ESMFold_hypothetical_protein	MGYP002621418372.pdb.gz	MGYP002621418372.pdb.gz	2.561E+00	0.116	33	17	208	212	40	216	221	201	0.906	0.801
LOKIASV2_1064_ESMFold_hypothetical_protein	MGYP001562939963.pdb.gz	MGYP001562939963.pdb.gz	9.321E+00	0.116	33	23	210	212	3	200	233	207	0.887	0.850
LOKIASV2_1064_ESMFold_hypothetical_protein	MGYP003635647961.pdb.gz	MGYP003635647961.pdb.gz	6.395E+00	0.116	33	2	211	212	8	194	234	213	0.991	0.799
LOKIASV2_1064_ESMFold_hypothetical_protein	MGYP003645997593.pdb.gz	MGYP003645997593.pdb.gz	3.177E+00	0.116	33	43	208	212	15	197	433	210	0.783	0.423
LOKIASV2_1064_ESMFold_hypothetical_protein	MGYP001249689929.pdb.gz	MGYP001249689929.pdb.gz	7.931E+00	0.106	32	1	211	212	1	201	217	220	0.995	0.926
LOKIASV2_1064_ESMFold_hypothetical_protein	MGYP003388223399.pdb.gz	MGYP003388223399.pdb.gz	4.387E+00	0.106	32	19	210	212	28	203	225	204	0.906	0.782
LOKIASV2_1064_ESMFold_hypothetical_protein	MGYP001048753762.pdb.gz	MGYP001048753762.pdb.gz	8.369E+00	0.106	32	17	207	212	21	223	237	214	0.901	0.857
LOKIASV2_1064_ESMFold_hypothetical_protein	MGYP002761841488.pdb.gz	MGYP002761841488.pdb.gz	8.369E+00	0.106	32	17	211	212	3	189	242	198	0.920	0.773
LOKIASV2_1064_ESMFold_hypothetical_protein	MGYP001353018713.pdb.gz	MGYP001353018713.pdb.gz	3.733E+00	0.106	32	3	208	212	47	257	268	231	0.972	0.787
LOKIASV2_1064_ESMFold_hypothetical_protein	MGYP000002861120.pdb.gz	MGYP000002861120.pdb.gz	7.122E+00	0.106	32	18	211	212	19	236	281	223	0.915	0.776
LOKIASV2_1064_ESMFold_hypothetical_protein	MGYP001277185408.pdb.gz	MGYP001277185408.pdb.gz	8.369E+00	0.098	31	22	193	212	30	197	198	182	0.811	0.848
LOKIASV2_1064_ESMFold_hypothetical_protein	MGYP000418544264.pdb.gz	MGYP000418544264.pdb.gz	7.122E+00	0.098	31	28	208	212	32	191	202	182	0.854	0.792
LOKIASV2_1064_ESMFold_hypothetical_protein	MGYP003506289364.pdb.gz	MGYP003506289364.pdb.gz	2.852E+00	0.098	31	24	200	212	29	209	210	194	0.835	0.862
LOKIASV2_1064_ESMFold_hypothetical_protein	MGYP002626095007.pdb.gz	MGYP002626095007.pdb.gz	8.832E+00	0.098	31	1	210	212	1	197	213	215	0.991	0.925
LOKIASV2_1064_ESMFold_hypothetical_protein	MGYP000536636782.pdb.gz	MGYP000536636782.pdb.gz	3.352E+00	0.098	31	17	208	212	30	226	230	213	0.906	0.857
LOKIASV2_1064_ESMFold_hypothetical_protein	MGYP000863058653.pdb.gz	MGYP000863058653.pdb.gz	3.177E+00	0.098	31	22	198	212	6	193	244	198	0.835	0.770
LOKIASV2_1064_ESMFold_hypothetical_protein	MGYP000936637270.pdb.gz	MGYP000936637270.pdb.gz	9.321E+00	0.098	31	2	209	212	8	217	252	223	0.981	0.833
LOKIASV2_1064_ESMFold_hypothetical_protein	MGYP003386122088.pdb.gz	MGYP003386122088.pdb.gz	7.515E+00	0.090	30	24	185	212	4	140	157	163	0.764	0.873
LOKIASV2_1064_ESMFold_hypothetical_protein	MGYP000666320534.pdb.gz	MGYP000666320534.pdb.gz	6.060E+00	0.090	30	28	210	212	4	159	176	187	0.863	0.886
LOKIASV2_1064_ESMFold_hypothetical_protein	MGYP003426458845.pdb.gz	MGYP003426458845.pdb.gz	6.395E+00	0.090	30	27	179	212	51	182	183	156	0.722	0.721
LOKIASV2_1064_ESMFold_hypothetical_protein	MGYP000316859177.pdb.gz	MGYP000316859177.pdb.gz	6.395E+00	0.090	30	19	210	212	34	193	196	195	0.906	0.816
LOKIASV2_1064_ESMFold_hypothetical_protein	MGYP001006678483.pdb.gz	MGYP001006678483.pdb.gz	6.060E+00	0.090	30	19	211	212	8	223	270	220	0.910	0.800
LOKIASV2_1064_ESMFold_hypothetical_protein	MGYP002715705627.pdb.gz	MGYP002715705627.pdb.gz	9.836E+00	0.082	29	3	209	212	13	195	223	221	0.976	0.821
LOKIASV2_1064_ESMFold_hypothetical_protein	MGYP000459802241.pdb.gz	MGYP000459802241.pdb.gz	7.515E+00	0.082	29	25	207	212	33	225	231	202	0.863	0.835
LOKIASV2_1064_ESMFold_hypothetical_protein	MGYP000119474362.pdb.gz	MGYP000119474362.pdb.gz	8.832E+00	0.082	29	21	211	212	9	229	251	230	0.901	0.880
LOKIASV2_1064_ESMFold_hypothetical_protein	MGYP000453781960.pdb.gz	MGYP000453781960.pdb.gz	7.931E+00	0.082	29	17	211	212	40	220	256	201	0.920	0.707
LOKIASV2_1064_ESMFold_hypothetical_protein	MGYP000064114226.pdb.gz	MGYP000064114226.pdb.gz	8.369E+00	0.082	29	13	210	212	25	233	481	225	0.934	0.435
LOKIASV2_1064_ESMFold_hypothetical_protein	MGYP002777025047.pdb.gz	MGYP002777025047.pdb.gz	6.395E+00	0.082	29	23	211	212	243	407	536	199	0.892	0.308
LOKIASV2_1064_ESMFold_hypothetical_protein	MGYP001554548662.pdb.gz	MGYP001554548662.pdb.gz	7.515E+00	0.076	28	3	188	212	22	208	217	202	0.877	0.862
LOKIASV2_1064_ESMFold_hypothetical_protein	MGYP001033919865.pdb.gz	MGYP001033919865.pdb.gz	8.832E+00	0.076	28	6	210	212	11	236	251	236	0.967	0.900
LOKIASV2_1064_ESMFold_hypothetical_protein	MGYP001489792240.pdb.gz	MGYP001489792240.pdb.gz	7.931E+00	0.076	28	1	211	212	1	214	265	234	0.995	0.808
LOKIASV2_1064_ESMFold_hypothetical_protein	MGYP000438578258.pdb.gz	MGYP000438578258.pdb.gz	9.836E+00	0.076	28	18	210	212	79	268	340	202	0.910	0.559
LOKIASV2_1064_ESMFold_hypothetical_protein	MGYP000270131740.pdb.gz	MGYP000270131740.pdb.gz	7.931E+00	0.063	26	10	208	212	26	170	172	205	0.939	0.843
LOKIASV2_1064_ESMFold_hypothetical_protein	MGYP003457227885.pdb.gz	MGYP003457227885.pdb.gz	9.836E+00	0.063	26	2	201	212	13	192	194	210	0.943	0.928
LOKIASV2_1064_ESMFold_hypothetical_protein	MGYP000914748539.pdb.gz	MGYP000914748539.pdb.gz	7.931E+00	0.063	26	16	211	212	19	222	306	212	0.925	0.667
LOKIASV2_1064_ESMFold_hypothetical_protein	MGYP002561991672.pdb.gz	MGYP002561991672.pdb.gz	8.369E+00	0.063	26	17	211	212	273	470	791	209	0.920	0.250
LOKIASV2_1064_ESMFold_hypothetical_protein	MGYP000551257626.pdb.gz	MGYP000551257626.pdb.gz	8.369E+00	0.057	25	16	210	212	20	256	293	240	0.920	0.809
