LOKIASV2_3321_ESMFold_hypothetical_protein	af_P75838_1_157_3.30.160.20	af_P75838_1_157_3.30.160.20	3.627E-02	0.999	98	29	107	630	9	89	157	86	0.125	0.516
LOKIASV2_3321_ESMFold_hypothetical_protein	af_K7M1W8_1_66_1.25.40.10	af_K7M1W8_1_66_1.25.40.10	4.360E+00	0.795	61	483	535	630	12	64	66	53	0.084	0.803
LOKIASV2_3321_ESMFold_hypothetical_protein	4bs9A03	4bs9A03	6.420E-01	0.772	60	361	409	630	90	140	145	51	0.078	0.352
LOKIASV2_3321_ESMFold_hypothetical_protein	af_P89105_187_270_1.25.40.10	af_P89105_187_270_1.25.40.10	2.008E+00	0.720	58	456	535	630	10	82	84	80	0.127	0.869
LOKIASV2_3321_ESMFold_hypothetical_protein	af_Q4DZK6_160_233_1.25.40.10	af_Q4DZK6_160_233_1.25.40.10	2.892E+00	0.692	57	459	535	630	3	71	74	77	0.122	0.932
LOKIASV2_3321_ESMFold_hypothetical_protein	af_F1QF84_679_785_1.25.40.10	af_F1QF84_679_785_1.25.40.10	1.013E+00	0.663	56	488	583	630	4	95	107	101	0.152	0.860
LOKIASV2_3321_ESMFold_hypothetical_protein	af_Q4DQF1_154_229_1.25.40.10	af_Q4DQF1_154_229_1.25.40.10	3.316E+00	0.601	54	457	533	630	7	75	76	77	0.122	0.908
LOKIASV2_3321_ESMFold_hypothetical_protein	1tjcA00	1tjcA00	6.880E+00	0.537	52	488	533	630	49	94	95	46	0.073	0.484
LOKIASV2_3321_ESMFold_hypothetical_protein	af_Q19294_397_605_1.25.40.10	af_Q19294_397_605_1.25.40.10	4.883E-01	0.537	52	478	629	630	64	201	209	159	0.241	0.660
LOKIASV2_3321_ESMFold_hypothetical_protein	af_A0A0R0JB05_1_58_1.25.40.10	af_A0A0R0JB05_1_58_1.25.40.10	8.257E+00	0.505	51	488	531	630	14	57	58	44	0.070	0.759
LOKIASV2_3321_ESMFold_hypothetical_protein	af_K7KQY8_302_429_1.25.40.10	af_K7KQY8_302_429_1.25.40.10	6.280E+00	0.505	51	478	535	630	63	121	128	59	0.092	0.461
LOKIASV2_3321_ESMFold_hypothetical_protein	af_Q9V3X5_795_872_1.25.40.10	af_Q9V3X5_795_872_1.25.40.10	7.201E+00	0.473	50	488	534	630	31	77	78	47	0.075	0.603
LOKIASV2_3321_ESMFold_hypothetical_protein	af_Q9D706_269_383_1.25.40.10	af_Q9D706_269_383_1.25.40.10	1.673E+00	0.473	50	487	583	630	18	110	115	102	0.154	0.809
LOKIASV2_3321_ESMFold_hypothetical_protein	af_Q9VA61_134_266_1.25.40.10	af_Q9VA61_134_266_1.25.40.10	3.471E+00	0.473	50	468	530	630	77	132	133	63	0.100	0.421
LOKIASV2_3321_ESMFold_hypothetical_protein	af_I1KQZ0_1_56_1.25.40.10	af_I1KQZ0_1_56_1.25.40.10	9.468E+00	0.442	49	488	531	630	12	55	56	44	0.070	0.786
LOKIASV2_3321_ESMFold_hypothetical_protein	af_A0A2R8PZK5_1_88_1.25.40.10	af_A0A2R8PZK5_1_88_1.25.40.10	2.763E+00	0.442	49	458	564	630	3	88	88	107	0.170	0.977
LOKIASV2_3321_ESMFold_hypothetical_protein	af_E7EYR3_208_368_1.25.40.10	af_E7EYR3_208_368_1.25.40.10	4.457E-01	0.442	49	483	629	630	3	130	161	155	0.233	0.795
LOKIASV2_3321_ESMFold_hypothetical_protein	af_K7M117_1_63_1.25.40.10	af_K7M117_1_63_1.25.40.10	7.538E+00	0.411	48	488	540	630	11	63	63	53	0.084	0.841
LOKIASV2_3321_ESMFold_hypothetical_protein	af_Q4DCN5_349_413_1.25.40.10	af_Q4DCN5_349_413_1.25.40.10	5.000E+00	0.411	48	459	529	630	2	64	65	71	0.113	0.969
LOKIASV2_3321_ESMFold_hypothetical_protein	af_C6KSL8_125_217_1.25.40.10	af_C6KSL8_125_217_1.25.40.10	2.522E+00	0.411	48	488	580	630	14	92	93	96	0.148	0.849
LOKIASV2_3321_ESMFold_hypothetical_protein	af_Q20144_569_684_1.25.40.10	af_Q20144_569_684_1.25.40.10	1.751E+00	0.411	48	444	574	630	1	115	116	141	0.208	0.991
LOKIASV2_3321_ESMFold_hypothetical_protein	af_Q9H6T3_265_381_1.25.40.10	af_Q9H6T3_265_381_1.25.40.10	1.918E+00	0.411	48	487	583	630	20	112	117	102	0.154	0.795
LOKIASV2_3321_ESMFold_hypothetical_protein	af_K7LEL0_1_77_1.25.40.10	af_K7LEL0_1_77_1.25.40.10	4.564E+00	0.382	47	455	530	630	5	75	77	76	0.121	0.922
LOKIASV2_3321_ESMFold_hypothetical_protein	af_P14922_42_123_1.25.40.10	af_P14922_42_123_1.25.40.10	8.643E+00	0.382	47	488	526	630	42	80	82	39	0.062	0.476
LOKIASV2_3321_ESMFold_hypothetical_protein	af_Q8IUR5_683_793_1.25.40.10	af_Q8IUR5_683_793_1.25.40.10	1.598E+00	0.382	47	488	585	630	4	111	111	117	0.156	0.973
LOKIASV2_3321_ESMFold_hypothetical_protein	af_A0A144A2J9_4_121_1.25.40.10	af_A0A144A2J9_4_121_1.25.40.10	1.332E+00	0.382	47	488	621	630	7	117	118	139	0.213	0.941
LOKIASV2_3321_ESMFold_hypothetical_protein	af_K7N564_1_63_1.25.40.10	af_K7N564_1_63_1.25.40.10	8.257E+00	0.353	46	488	540	630	11	63	63	53	0.084	0.841
LOKIASV2_3321_ESMFold_hypothetical_protein	1tjcB00	1tjcB00	9.910E+00	0.353	46	488	533	630	49	94	95	46	0.073	0.484
LOKIASV2_3321_ESMFold_hypothetical_protein	af_Q6ZXV5_518_619_1.25.40.10	af_Q6ZXV5_518_619_1.25.40.10	3.980E+00	0.353	46	455	533	630	18	94	102	80	0.125	0.755
LOKIASV2_3321_ESMFold_hypothetical_protein	af_Q4E4H1_1_122_1.25.40.10	af_Q4E4H1_1_122_1.25.40.10	1.273E+00	0.353	46	488	614	630	7	120	122	131	0.202	0.934
LOKIASV2_3321_ESMFold_hypothetical_protein	af_Q09974_92_219_1.25.40.10	af_Q09974_92_219_1.25.40.10	9.247E-01	0.353	46	483	592	630	2	120	128	127	0.175	0.930
LOKIASV2_3321_ESMFold_hypothetical_protein	af_Q8N394_458_594_1.25.40.10	af_Q8N394_458_594_1.25.40.10	1.273E+00	0.353	46	456	584	630	4	131	137	138	0.205	0.934
LOKIASV2_3321_ESMFold_hypothetical_protein	af_Q8BJU0_83_224_1.25.40.10	af_Q8BJU0_83_224_1.25.40.10	6.574E+00	0.353	46	478	541	630	70	133	142	65	0.102	0.451
LOKIASV2_3321_ESMFold_hypothetical_protein	af_Q4DZK6_86_151_1.25.40.10	af_Q4DZK6_86_151_1.25.40.10	6.280E+00	0.326	45	465	530	630	5	63	66	66	0.105	0.894
LOKIASV2_3321_ESMFold_hypothetical_protein	5jj6B01	5jj6B01	7.201E+00	0.326	45	478	534	630	36	93	96	58	0.090	0.604
LOKIASV2_3321_ESMFold_hypothetical_protein	1elwB00	1elwB00	1.751E+00	0.326	45	483	602	630	2	110	115	128	0.190	0.948
LOKIASV2_3321_ESMFold_hypothetical_protein	af_B0G148_3_119_1.25.40.10	af_B0G148_3_119_1.25.40.10	2.640E+00	0.326	45	487	582	630	5	96	117	101	0.152	0.786
LOKIASV2_3321_ESMFold_hypothetical_protein	af_A0A1D6LII0_8_142_1.25.40.10	af_A0A1D6LII0_8_142_1.25.40.10	1.060E+00	0.326	45	488	626	630	8	134	135	151	0.221	0.941
LOKIASV2_3321_ESMFold_hypothetical_protein	3vtyC00	3vtyC00	5.860E-01	0.326	45	454	629	630	1	175	178	196	0.279	0.983
LOKIASV2_3321_ESMFold_hypothetical_protein	af_Q5ADP3_86_269_1.25.40.10	af_Q5ADP3_86_269_1.25.40.10	8.835E-01	0.326	45	478	624	630	40	182	184	157	0.233	0.777
LOKIASV2_3321_ESMFold_hypothetical_protein	af_A0A1P8B3S0_1_63_1.25.40.10	af_A0A1P8B3S0_1_63_1.25.40.10	9.046E+00	0.301	44	488	540	630	11	63	63	53	0.084	0.841
LOKIASV2_3321_ESMFold_hypothetical_protein	af_Q8N394_759_830_1.25.40.10	af_Q8N394_759_830_1.25.40.10	6.574E+00	0.301	44	458	535	630	2	71	72	79	0.124	0.972
LOKIASV2_3321_ESMFold_hypothetical_protein	af_Q9VF81_608_705_1.25.40.10	af_Q9VF81_608_705_1.25.40.10	3.316E+00	0.301	44	488	582	630	10	97	98	98	0.151	0.898
LOKIASV2_3321_ESMFold_hypothetical_protein	af_G3UYY4_1682_1784_1.25.40.10	af_G3UYY4_1682_1784_1.25.40.10	2.892E+00	0.301	44	452	557	630	1	101	103	110	0.168	0.981
LOKIASV2_3321_ESMFold_hypothetical_protein	af_A0A1D6NUQ7_146_259_1.25.40.10	af_A0A1D6NUQ7_146_259_1.25.40.10	3.633E+00	0.301	44	483	583	630	2	98	114	103	0.160	0.851
LOKIASV2_3321_ESMFold_hypothetical_protein	af_Q4DWX5_1_122_1.25.40.10	af_Q4DWX5_1_122_1.25.40.10	1.751E+00	0.301	44	488	614	630	7	120	122	131	0.202	0.934
LOKIASV2_3321_ESMFold_hypothetical_protein	af_O77033_398_539_1.25.40.10	af_O77033_398_539_1.25.40.10	2.302E+00	0.301	44	452	615	630	2	138	142	170	0.260	0.965
LOKIASV2_3321_ESMFold_hypothetical_protein	af_Q6NNB2_691_885_1.25.40.10	af_Q6NNB2_691_885_1.25.40.10	3.471E+00	0.301	44	478	571	630	106	191	195	97	0.149	0.441
LOKIASV2_3321_ESMFold_hypothetical_protein	af_G3X8Q1_6_209_1.25.40.10	af_G3X8Q1_6_209_1.25.40.10	8.441E-01	0.301	44	455	602	630	31	199	204	181	0.235	0.828
LOKIASV2_3321_ESMFold_hypothetical_protein	af_Q8NEE8_59_141_1.25.40.10	af_Q8NEE8_59_141_1.25.40.10	5.233E+00	0.277	43	455	531	630	6	83	83	78	0.122	0.940
LOKIASV2_3321_ESMFold_hypothetical_protein	af_Q54HK0_3_94_1.25.40.10	af_Q54HK0_3_94_1.25.40.10	4.166E+00	0.277	43	466	557	630	7	92	92	97	0.146	0.935
LOKIASV2_3321_ESMFold_hypothetical_protein	af_Q58350_225_318_1.25.40.10	af_Q58350_225_318_1.25.40.10	5.733E+00	0.277	43	457	534	630	8	80	94	78	0.124	0.777
LOKIASV2_3321_ESMFold_hypothetical_protein	5bnwA01	5bnwA01	2.102E+00	0.277	43	487	598	630	6	103	105	117	0.178	0.933
LOKIASV2_3321_ESMFold_hypothetical_protein	4n3aA01	4n3aA01	2.410E+00	0.277	43	487	598	630	7	104	106	118	0.178	0.925
LOKIASV2_3321_ESMFold_hypothetical_protein	af_A4ICT7_16_129_1.25.40.10	af_A4ICT7_16_129_1.25.40.10	1.751E+00	0.277	43	487	609	630	4	112	114	128	0.195	0.956
LOKIASV2_3321_ESMFold_hypothetical_protein	af_Q49AM3_302_415_1.25.40.10	af_Q49AM3_302_415_1.25.40.10	2.410E+00	0.277	43	483	603	630	2	114	114	123	0.192	0.991
LOKIASV2_3321_ESMFold_hypothetical_protein	af_Q68FQ7_266_381_1.25.40.10	af_Q68FQ7_266_381_1.25.40.10	2.640E+00	0.277	43	461	583	630	2	111	116	128	0.195	0.948
LOKIASV2_3321_ESMFold_hypothetical_protein	1elwA00	1elwA00	1.527E+00	0.277	43	488	621	630	6	116	117	136	0.213	0.949
LOKIASV2_3321_ESMFold_hypothetical_protein	af_A0A0R4ID80_285_407_1.25.40.10	af_A0A0R4ID80_285_407_1.25.40.10	9.468E+00	0.277	43	469	529	630	63	122	123	61	0.097	0.488
LOKIASV2_3321_ESMFold_hypothetical_protein	af_A4IBT8_43_168_1.25.40.10	af_A4IBT8_43_168_1.25.40.10	1.673E+00	0.277	43	488	623	630	5	120	126	141	0.216	0.921
LOKIASV2_3321_ESMFold_hypothetical_protein	af_Q6NNB2_501_653_1.25.40.10	af_Q6NNB2_501_653_1.25.40.10	8.064E-01	0.277	43	447	583	630	11	146	153	154	0.217	0.889
LOKIASV2_3321_ESMFold_hypothetical_protein	af_Q54D83_458_612_1.25.40.10	af_Q54D83_458_612_1.25.40.10	1.216E+00	0.277	43	488	629	630	9	127	155	149	0.225	0.768
LOKIASV2_3321_ESMFold_hypothetical_protein	3vtyA00	3vtyA00	8.441E-01	0.277	43	454	628	630	1	174	175	191	0.278	0.994
LOKIASV2_3321_ESMFold_hypothetical_protein	af_P76585_468_690_1.25.40.10	af_P76585_468_690_1.25.40.10	2.008E+00	0.277	43	482	618	630	99	222	223	143	0.217	0.556
LOKIASV2_3321_ESMFold_hypothetical_protein	af_F1RD24_532_610_1.25.40.10	af_F1RD24_532_610_1.25.40.10	6.574E+00	0.254	42	456	535	630	4	75	79	81	0.127	0.911
LOKIASV2_3321_ESMFold_hypothetical_protein	6evmA00	6evmA00	8.643E+00	0.254	42	455	534	630	20	94	95	81	0.127	0.789
LOKIASV2_3321_ESMFold_hypothetical_protein	4n3bA01	4n3bA01	2.640E+00	0.254	42	483	598	630	3	104	106	121	0.184	0.962
LOKIASV2_3321_ESMFold_hypothetical_protein	af_Q9D4H7_242_356_1.25.40.10	af_Q9D4H7_242_356_1.25.40.10	2.410E+00	0.254	42	488	611	630	6	114	115	129	0.197	0.948
LOKIASV2_3321_ESMFold_hypothetical_protein	af_Q9USI5_1_116_1.25.40.10	af_Q9USI5_1_116_1.25.40.10	2.008E+00	0.254	42	488	621	630	5	115	116	138	0.213	0.957
LOKIASV2_3321_ESMFold_hypothetical_protein	af_Q8TAM2_419_537_1.25.40.10	af_Q8TAM2_419_537_1.25.40.10	2.302E+00	0.254	42	488	602	630	8	118	119	120	0.183	0.933
LOKIASV2_3321_ESMFold_hypothetical_protein	af_Q9VK41_15_138_1.25.40.10	af_Q9VK41_15_138_1.25.40.10	2.410E+00	0.254	42	457	582	630	4	123	124	132	0.200	0.968
LOKIASV2_3321_ESMFold_hypothetical_protein	af_Q9VTS9_1733_1865_1.25.40.10	af_Q9VTS9_1733_1865_1.25.40.10	3.803E+00	0.254	42	459	572	630	24	131	133	119	0.181	0.812
LOKIASV2_3321_ESMFold_hypothetical_protein	1pc2A00	1pc2A00	7.201E+00	0.254	42	467	535	630	59	121	152	69	0.110	0.414
LOKIASV2_3321_ESMFold_hypothetical_protein	af_B1WBT5_351_503_1.25.40.10	af_B1WBT5_351_503_1.25.40.10	1.527E+00	0.254	42	446	623	630	3	152	153	190	0.283	0.980
LOKIASV2_3321_ESMFold_hypothetical_protein	af_M0RBH7_206_293_1.25.40.10	af_M0RBH7_206_293_1.25.40.10	6.574E+00	0.233	41	484	581	630	2	87	88	98	0.156	0.977
LOKIASV2_3321_ESMFold_hypothetical_protein	af_A0A1D6KFP0_116_204_1.25.40.10	af_A0A1D6KFP0_116_204_1.25.40.10	6.000E+00	0.233	41	455	529	630	10	88	89	79	0.119	0.888
LOKIASV2_3321_ESMFold_hypothetical_protein	af_Q8C1F5_7_99_1.25.40.10	af_Q8C1F5_7_99_1.25.40.10	5.477E+00	0.233	41	457	531	630	16	92	93	81	0.119	0.828
LOKIASV2_3321_ESMFold_hypothetical_protein	5fzqB00	5fzqB00	2.763E+00	0.233	41	487	583	630	5	97	105	102	0.154	0.886
LOKIASV2_3321_ESMFold_hypothetical_protein	af_A0A368UI47_479_586_1.25.40.10	af_A0A368UI47_479_586_1.25.40.10	3.168E+00	0.233	41	488	585	630	12	108	108	106	0.156	0.898
LOKIASV2_3321_ESMFold_hypothetical_protein	af_Q496Y0_242_354_1.25.40.10	af_Q496Y0_242_354_1.25.40.10	3.803E+00	0.233	41	488	583	630	5	96	113	101	0.152	0.814
LOKIASV2_3321_ESMFold_hypothetical_protein	af_Q54RV7_66_179_1.25.40.10	af_Q54RV7_66_179_1.25.40.10	3.471E+00	0.233	41	474	583	630	1	109	114	118	0.175	0.956
LOKIASV2_3321_ESMFold_hypothetical_protein	af_X1WF42_104_243_1.25.40.10	af_X1WF42_104_243_1.25.40.10	2.522E+00	0.233	41	483	628	630	8	135	140	147	0.232	0.914
LOKIASV2_3321_ESMFold_hypothetical_protein	2e2eB01	2e2eB01	2.302E+00	0.233	41	488	583	630	21	135	151	121	0.152	0.762
LOKIASV2_3321_ESMFold_hypothetical_protein	af_Q4DR66_713_888_1.25.40.10	af_Q4DR66_713_888_1.25.40.10	1.216E+00	0.233	41	487	624	630	19	162	176	156	0.219	0.818
LOKIASV2_3321_ESMFold_hypothetical_protein	af_C6KSL8_218_286_1.25.40.10	af_C6KSL8_218_286_1.25.40.10	9.468E+00	0.214	40	455	534	630	4	68	69	80	0.127	0.942
LOKIASV2_3321_ESMFold_hypothetical_protein	af_A0A0P0W3Z6_112_185_1.25.40.10	af_A0A0P0W3Z6_112_185_1.25.40.10	9.468E+00	0.214	40	487	558	630	10	74	74	72	0.114	0.878
LOKIASV2_3321_ESMFold_hypothetical_protein	2v5fA00	2v5fA00	5.233E+00	0.214	40	431	535	630	7	95	97	105	0.167	0.918
LOKIASV2_3321_ESMFold_hypothetical_protein	4n39A01	4n39A01	3.168E+00	0.214	40	487	598	630	7	104	106	117	0.178	0.925
LOKIASV2_3321_ESMFold_hypothetical_protein	af_Q6Z697_487_596_1.25.40.10	af_Q6Z697_487_596_1.25.40.10	3.471E+00	0.214	40	488	585	630	14	110	110	106	0.156	0.882
LOKIASV2_3321_ESMFold_hypothetical_protein	af_Q58823_4_115_1.25.40.10	af_Q58823_4_115_1.25.40.10	3.633E+00	0.214	40	445	572	630	17	107	112	128	0.203	0.812
LOKIASV2_3321_ESMFold_hypothetical_protein	1nznA00	1nznA00	7.889E+00	0.214	40	467	531	630	59	117	120	65	0.103	0.492
LOKIASV2_3321_ESMFold_hypothetical_protein	af_Q54Y92_176_302_1.25.40.10	af_Q54Y92_176_302_1.25.40.10	3.168E+00	0.214	40	456	583	630	11	123	127	132	0.203	0.890
LOKIASV2_3321_ESMFold_hypothetical_protein	af_A0A144A2J9_242_370_1.25.40.10	af_A0A144A2J9_242_370_1.25.40.10	3.980E+00	0.214	40	411	535	630	11	126	129	130	0.198	0.899
LOKIASV2_3321_ESMFold_hypothetical_protein	af_Q20255_736_881_1.25.40.10	af_Q20255_736_881_1.25.40.10	1.273E+00	0.214	40	487	629	630	4	140	146	149	0.227	0.938
LOKIASV2_3321_ESMFold_hypothetical_protein	af_F1Q598_3_261_1.25.40.10	af_F1Q598_3_261_1.25.40.10	2.008E+00	0.214	40	478	623	630	115	249	259	147	0.232	0.521
LOKIASV2_3321_ESMFold_hypothetical_protein	af_Q9XUU4_8_87_3.30.160.20	af_Q9XUU4_8_87_3.30.160.20	1.918E+00	0.196	39	29	94	630	1	70	80	76	0.105	0.875
LOKIASV2_3321_ESMFold_hypothetical_protein	af_F1QF84_786_870_1.25.40.10	af_F1QF84_786_870_1.25.40.10	7.201E+00	0.196	39	488	582	630	3	83	85	95	0.151	0.953
LOKIASV2_3321_ESMFold_hypothetical_protein	1na3B00	1na3B00	6.280E+00	0.196	39	487	580	630	6	85	86	95	0.149	0.930
LOKIASV2_3321_ESMFold_hypothetical_protein	5fzrD00	5fzrD00	3.168E+00	0.196	39	487	583	630	5	97	105	102	0.154	0.886
LOKIASV2_3321_ESMFold_hypothetical_protein	4n3cA01	4n3cA01	3.168E+00	0.196	39	487	598	630	7	104	106	117	0.178	0.925
LOKIASV2_3321_ESMFold_hypothetical_protein	af_A0A1D6KX99_106_219_1.25.40.10	af_A0A1D6KX99_106_219_1.25.40.10	2.763E+00	0.196	39	488	608	630	5	113	114	126	0.192	0.956
LOKIASV2_3321_ESMFold_hypothetical_protein	af_Q8IND4_104_223_1.25.40.10	af_Q8IND4_104_223_1.25.40.10	2.763E+00	0.196	39	487	615	630	5	118	120	131	0.205	0.950
LOKIASV2_3321_ESMFold_hypothetical_protein	af_K7TIT0_432_556_1.25.40.10	af_K7TIT0_432_556_1.25.40.10	4.564E+00	0.196	39	461	541	630	31	109	125	85	0.129	0.632
LOKIASV2_3321_ESMFold_hypothetical_protein	af_Q5APB7_663_790_1.25.40.10	af_Q5APB7_663_790_1.25.40.10	2.102E+00	0.196	39	455	583	630	16	124	128	130	0.205	0.852
LOKIASV2_3321_ESMFold_hypothetical_protein	af_Q4DYD9_230_358_1.25.40.10	af_Q4DYD9_230_358_1.25.40.10	2.102E+00	0.196	39	488	621	630	7	127	129	142	0.213	0.938
LOKIASV2_3321_ESMFold_hypothetical_protein	af_I1LXC7_42_188_1.25.40.10	af_I1LXC7_42_188_1.25.40.10	4.360E+00	0.196	39	456	583	630	22	133	147	130	0.203	0.762
LOKIASV2_3321_ESMFold_hypothetical_protein	af_Q68FR0_77_234_1.25.40.10	af_Q68FR0_77_234_1.25.40.10	1.013E+00	0.196	39	462	626	630	7	156	158	173	0.262	0.949
LOKIASV2_3321_ESMFold_hypothetical_protein	af_Q9ZUS6_73_234_1.25.40.10	af_Q9ZUS6_73_234_1.25.40.10	4.777E+00	0.196	39	488	583	630	61	153	162	102	0.152	0.574
LOKIASV2_3321_ESMFold_hypothetical_protein	1na3A00	1na3A00	7.201E+00	0.179	38	483	579	630	2	84	86	101	0.154	0.965
LOKIASV2_3321_ESMFold_hypothetical_protein	af_I1JV82_131_220_1.25.40.10	af_I1JV82_131_220_1.25.40.10	5.733E+00	0.179	38	454	529	630	4	89	90	86	0.121	0.956
LOKIASV2_3321_ESMFold_hypothetical_protein	af_Q86TZ1_347_441_1.25.40.10	af_Q86TZ1_347_441_1.25.40.10	7.538E+00	0.179	38	454	534	630	1	85	95	85	0.129	0.895
LOKIASV2_3321_ESMFold_hypothetical_protein	3kd7A00	3kd7A00	3.980E+00	0.179	38	487	621	630	5	99	102	135	0.214	0.931
LOKIASV2_3321_ESMFold_hypothetical_protein	5fzrB00	5fzrB00	3.168E+00	0.179	38	487	584	630	5	105	105	110	0.156	0.962
LOKIASV2_3321_ESMFold_hypothetical_protein	af_Q9XYW6_12_119_1.25.40.10	af_Q9XYW6_12_119_1.25.40.10	5.233E+00	0.179	38	488	583	630	6	97	108	101	0.152	0.852
LOKIASV2_3321_ESMFold_hypothetical_protein	af_I1KUC8_473_581_1.25.40.10	af_I1KUC8_473_581_1.25.40.10	4.564E+00	0.179	38	488	585	630	13	109	109	106	0.156	0.890
LOKIASV2_3321_ESMFold_hypothetical_protein	af_C4J723_179_292_1.25.40.10	af_C4J723_179_292_1.25.40.10	4.360E+00	0.179	38	455	540	630	30	114	114	87	0.137	0.746
LOKIASV2_3321_ESMFold_hypothetical_protein	af_Q5N719_168_281_1.25.40.10	af_Q5N719_168_281_1.25.40.10	3.027E+00	0.179	38	428	533	630	6	108	114	107	0.168	0.904
LOKIASV2_3321_ESMFold_hypothetical_protein	af_Q5PR66_151_267_1.25.40.10	af_Q5PR66_151_267_1.25.40.10	3.980E+00	0.179	38	488	608	630	7	117	117	127	0.192	0.949
LOKIASV2_3321_ESMFold_hypothetical_protein	5jjtA01	5jjtA01	2.302E+00	0.179	38	488	626	630	7	122	123	147	0.221	0.943
LOKIASV2_3321_ESMFold_hypothetical_protein	af_Q9W295_158_283_1.25.40.10	af_Q9W295_158_283_1.25.40.10	3.803E+00	0.179	38	452	576	630	1	123	126	131	0.198	0.976
LOKIASV2_3321_ESMFold_hypothetical_protein	af_Q8T5S8_136_266_1.25.40.10	af_Q8T5S8_136_266_1.25.40.10	8.643E+00	0.179	38	466	531	630	64	130	131	70	0.105	0.511
LOKIASV2_3321_ESMFold_hypothetical_protein	af_A0A2R8PZC4_1295_1429_1.25.40.10	af_A0A2R8PZC4_1295_1429_1.25.40.10	3.316E+00	0.179	38	459	585	630	19	135	135	130	0.202	0.867
LOKIASV2_3321_ESMFold_hypothetical_protein	af_Q5CZ52_44_178_1.25.40.10	af_Q5CZ52_44_178_1.25.40.10	2.640E+00	0.179	38	443	583	630	8	123	135	143	0.224	0.859
LOKIASV2_3321_ESMFold_hypothetical_protein	5lypA00	5lypA00	2.200E+00	0.179	38	483	624	630	9	133	137	155	0.225	0.912
LOKIASV2_3321_ESMFold_hypothetical_protein	af_A4HS50_688_847_1.25.40.10	af_A4HS50_688_847_1.25.40.10	4.777E+00	0.179	38	477	581	630	58	158	160	111	0.167	0.631
LOKIASV2_3321_ESMFold_hypothetical_protein	af_Q6PGP7_564_723_1.25.40.10	af_Q6PGP7_564_723_1.25.40.10	1.918E+00	0.179	38	488	618	630	38	159	160	147	0.208	0.762
LOKIASV2_3321_ESMFold_hypothetical_protein	af_Q2G042_150_312_1.25.40.10	af_Q2G042_150_312_1.25.40.10	2.102E+00	0.179	38	457	621	630	2	158	163	177	0.262	0.963
LOKIASV2_3321_ESMFold_hypothetical_protein	af_K7M4F1_1_170_1.25.40.10	af_K7M4F1_1_170_1.25.40.10	6.574E+00	0.179	38	488	557	630	99	159	170	70	0.111	0.359
LOKIASV2_3321_ESMFold_hypothetical_protein	af_D4A333_703_874_1.25.40.10	af_D4A333_703_874_1.25.40.10	1.751E+00	0.179	38	459	629	630	2	163	172	183	0.271	0.942
LOKIASV2_3321_ESMFold_hypothetical_protein	af_E7F2R1_574_748_1.25.40.10	af_E7F2R1_574_748_1.25.40.10	2.008E+00	0.179	38	488	619	630	41	162	175	145	0.210	0.697
LOKIASV2_3321_ESMFold_hypothetical_protein	af_O94474_533_812_1.25.40.10	af_O94474_533_812_1.25.40.10	5.111E-01	0.179	38	367	619	630	59	277	280	260	0.402	0.782
LOKIASV2_3321_ESMFold_hypothetical_protein	af_Q9VPW5_909_987_1.25.40.10	af_Q9VPW5_909_987_1.25.40.10	7.538E+00	0.164	37	487	579	630	4	78	79	101	0.148	0.949
LOKIASV2_3321_ESMFold_hypothetical_protein	af_K7LJ63_308_399_1.25.40.10	af_K7LJ63_308_399_1.25.40.10	4.564E+00	0.164	37	488	580	630	6	91	92	101	0.148	0.935
LOKIASV2_3321_ESMFold_hypothetical_protein	af_Q23544_129_233_1.25.40.10	af_Q23544_129_233_1.25.40.10	6.280E+00	0.164	37	455	534	630	19	102	105	85	0.127	0.800
LOKIASV2_3321_ESMFold_hypothetical_protein	af_A8JQU5_104_217_1.25.40.10	af_A8JQU5_104_217_1.25.40.10	2.763E+00	0.164	37	463	583	630	2	111	114	126	0.192	0.965
LOKIASV2_3321_ESMFold_hypothetical_protein	af_Q17RB8_210_325_1.25.40.10	af_Q17RB8_210_325_1.25.40.10	3.980E+00	0.164	37	446	567	630	9	114	116	127	0.194	0.914
LOKIASV2_3321_ESMFold_hypothetical_protein	af_Q54DA8_242_370_1.25.40.10	af_Q54DA8_242_370_1.25.40.10	3.316E+00	0.164	37	411	535	630	12	127	129	133	0.198	0.899
LOKIASV2_3321_ESMFold_hypothetical_protein	af_A0A0P0VEB0_15_149_1.25.40.10	af_A0A0P0VEB0_15_149_1.25.40.10	3.027E+00	0.164	37	410	542	630	5	134	135	137	0.211	0.963
LOKIASV2_3321_ESMFold_hypothetical_protein	af_A0A1D6E560_182_327_1.25.40.10	af_A0A1D6E560_182_327_1.25.40.10	3.168E+00	0.164	37	487	626	630	6	123	146	144	0.222	0.808
LOKIASV2_3321_ESMFold_hypothetical_protein	af_Q4DKX3_247_394_1.25.40.10	af_Q4DKX3_247_394_1.25.40.10	4.360E+00	0.164	37	463	582	630	24	144	148	130	0.190	0.818
LOKIASV2_3321_ESMFold_hypothetical_protein	af_Q6AHP8_4_151_1.25.40.10	af_Q6AHP8_4_151_1.25.40.10	3.980E+00	0.164	37	446	584	630	38	146	148	139	0.221	0.736
LOKIASV2_3321_ESMFold_hypothetical_protein	af_I1KZC7_96_248_1.25.40.10	af_I1KZC7_96_248_1.25.40.10	1.673E+00	0.164	37	483	630	630	11	153	153	162	0.235	0.935
LOKIASV2_3321_ESMFold_hypothetical_protein	af_A0A1D8PJ89_2_160_1.25.40.10	af_A0A1D8PJ89_2_160_1.25.40.10	2.522E+00	0.164	37	488	626	630	9	124	159	141	0.221	0.730
LOKIASV2_3321_ESMFold_hypothetical_protein	af_F4JG03_170_328_1.25.40.10	af_F4JG03_170_328_1.25.40.10	3.316E+00	0.164	37	483	629	630	4	135	159	151	0.233	0.830
LOKIASV2_3321_ESMFold_hypothetical_protein	af_D3ZL50_563_728_1.25.40.10	af_D3ZL50_563_728_1.25.40.10	1.833E+00	0.164	37	488	621	630	39	163	166	156	0.213	0.753
LOKIASV2_3321_ESMFold_hypothetical_protein	af_Q0HA38_703_874_1.25.40.10	af_Q0HA38_703_874_1.25.40.10	2.008E+00	0.164	37	457	629	630	3	163	172	185	0.275	0.936
LOKIASV2_3321_ESMFold_hypothetical_protein	3vtyB00	3vtyB00	1.673E+00	0.164	37	454	628	630	1	174	175	190	0.278	0.994
LOKIASV2_3321_ESMFold_hypothetical_protein	4xi0E00	4xi0E00	1.673E+00	0.164	37	444	628	630	3	167	177	187	0.294	0.932
LOKIASV2_3321_ESMFold_hypothetical_protein	3as5A01	3as5A01	1.833E+00	0.164	37	488	624	630	37	167	178	147	0.217	0.736
LOKIASV2_3321_ESMFold_hypothetical_protein	af_A0A2R8QGZ1_6_184_1.25.40.10	af_A0A2R8QGZ1_6_184_1.25.40.10	1.527E+00	0.164	37	455	621	630	18	178	179	182	0.265	0.899
LOKIASV2_3321_ESMFold_hypothetical_protein	af_C6TEB0_48_234_1.25.40.10	af_C6TEB0_48_234_1.25.40.10	1.162E+00	0.164	37	464	630	630	28	187	187	178	0.265	0.856
LOKIASV2_3321_ESMFold_hypothetical_protein	af_Q6DI40_54_246_1.25.40.10	af_Q6DI40_54_246_1.25.40.10	3.803E+00	0.164	37	478	581	630	67	179	193	121	0.165	0.585
LOKIASV2_3321_ESMFold_hypothetical_protein	af_O94325_271_586_1.25.40.10	af_O94325_271_586_1.25.40.10	1.060E+00	0.164	37	368	615	630	82	289	316	272	0.394	0.658
LOKIASV2_3321_ESMFold_hypothetical_protein	af_I1KC83_546_629_1.25.40.10	af_I1KC83_546_629_1.25.40.10	9.046E+00	0.150	36	457	530	630	12	83	84	75	0.117	0.857
LOKIASV2_3321_ESMFold_hypothetical_protein	af_M0RBH7_3_97_1.25.40.10	af_M0RBH7_3_97_1.25.40.10	5.233E+00	0.150	36	433	530	630	3	95	95	99	0.156	0.979
LOKIASV2_3321_ESMFold_hypothetical_protein	5c1dA01	5c1dA01	4.777E+00	0.150	36	487	598	630	5	102	104	118	0.178	0.942
LOKIASV2_3321_ESMFold_hypothetical_protein	5hgvA01	5hgvA01	4.564E+00	0.150	36	487	598	630	6	103	105	118	0.178	0.933
LOKIASV2_3321_ESMFold_hypothetical_protein	5fzqC00	5fzqC00	3.471E+00	0.150	36	453	585	630	1	106	106	140	0.211	1.000
LOKIASV2_3321_ESMFold_hypothetical_protein	af_I1KQK6_459_574_1.25.40.10	af_I1KQK6_459_574_1.25.40.10	5.233E+00	0.150	36	488	585	630	20	116	116	105	0.156	0.836
LOKIASV2_3321_ESMFold_hypothetical_protein	af_Q965Q2_1_116_1.25.40.10	af_Q965Q2_1_116_1.25.40.10	3.633E+00	0.150	36	488	617	630	8	114	116	135	0.206	0.922
LOKIASV2_3321_ESMFold_hypothetical_protein	af_K7K4V3_3_119_1.25.40.10	af_K7K4V3_3_119_1.25.40.10	5.477E+00	0.150	36	455	574	630	3	116	117	121	0.190	0.974
LOKIASV2_3321_ESMFold_hypothetical_protein	af_Q4DRV5_274_390_1.25.40.10	af_Q4DRV5_274_390_1.25.40.10	2.102E+00	0.150	36	488	620	630	7	116	117	138	0.211	0.940
LOKIASV2_3321_ESMFold_hypothetical_protein	af_I1LGM2_395_515_1.25.40.10	af_I1LGM2_395_515_1.25.40.10	3.980E+00	0.150	36	488	626	630	5	120	121	141	0.221	0.959
LOKIASV2_3321_ESMFold_hypothetical_protein	af_A0A1D6MV99_282_408_1.25.40.10	af_A0A1D6MV99_282_408_1.25.40.10	3.316E+00	0.150	36	457	557	630	7	108	127	115	0.160	0.803
LOKIASV2_3321_ESMFold_hypothetical_protein	af_I1K580_106_236_1.25.40.10	af_I1K580_106_236_1.25.40.10	5.000E+00	0.150	36	488	585	630	45	131	131	99	0.156	0.664
LOKIASV2_3321_ESMFold_hypothetical_protein	5jjtB01	5jjtB01	2.640E+00	0.150	36	488	626	630	12	130	131	147	0.221	0.908
LOKIASV2_3321_ESMFold_hypothetical_protein	af_A4ICQ8_231_363_1.25.40.10	af_A4ICQ8_231_363_1.25.40.10	2.008E+00	0.150	36	488	602	630	5	108	133	122	0.183	0.782
LOKIASV2_3321_ESMFold_hypothetical_protein	af_Q6NXA1_67_214_1.25.40.10	af_Q6NXA1_67_214_1.25.40.10	3.471E+00	0.150	36	471	618	630	12	142	148	153	0.235	0.885
LOKIASV2_3321_ESMFold_hypothetical_protein	af_K7VP01_85_233_1.25.40.10	af_K7VP01_85_233_1.25.40.10	2.640E+00	0.150	36	488	585	630	55	149	149	103	0.156	0.638
LOKIASV2_3321_ESMFold_hypothetical_protein	af_Q4DTG4_154_329_1.25.40.10	af_Q4DTG4_154_329_1.25.40.10	6.574E+00	0.150	36	466	558	630	79	176	176	105	0.148	0.557
LOKIASV2_3321_ESMFold_hypothetical_protein	af_Q54YA9_267_443_1.25.40.10	af_Q54YA9_267_443_1.25.40.10	2.008E+00	0.150	36	425	601	630	21	176	177	188	0.281	0.881
LOKIASV2_3321_ESMFold_hypothetical_protein	af_Q9ULT0_676_852_1.25.40.10	af_Q9ULT0_676_852_1.25.40.10	2.892E+00	0.150	36	446	583	630	35	164	177	149	0.219	0.734
LOKIASV2_3321_ESMFold_hypothetical_protein	3vtxA00	3vtxA00	1.527E+00	0.150	36	457	629	630	3	171	181	186	0.275	0.934
LOKIASV2_3321_ESMFold_hypothetical_protein	af_Q8BGB2_672_854_1.25.40.10	af_Q8BGB2_672_854_1.25.40.10	2.640E+00	0.150	36	426	583	630	11	168	183	172	0.251	0.863
LOKIASV2_3321_ESMFold_hypothetical_protein	af_Q10NP2_350_541_1.25.40.10	af_Q10NP2_350_541_1.25.40.10	5.233E+00	0.150	36	478	585	630	95	188	192	109	0.171	0.490
LOKIASV2_3321_ESMFold_hypothetical_protein	af_Q75Q39_222_606_1.25.40.10	af_Q75Q39_222_606_1.25.40.10	2.763E+00	0.150	36	478	624	630	174	313	385	157	0.233	0.364
LOKIASV2_3321_ESMFold_hypothetical_protein	af_Q8NEE8_336_416_1.25.40.10	af_Q8NEE8_336_416_1.25.40.10	9.468E+00	0.138	35	458	533	630	2	78	81	83	0.121	0.951
LOKIASV2_3321_ESMFold_hypothetical_protein	af_Q8IUR5_794_882_1.25.40.10	af_Q8IUR5_794_882_1.25.40.10	9.910E+00	0.138	35	444	549	630	1	88	89	107	0.168	0.989
LOKIASV2_3321_ESMFold_hypothetical_protein	af_Q8S8L9_303_392_1.25.40.10	af_Q8S8L9_303_392_1.25.40.10	5.733E+00	0.138	35	488	581	630	6	89	90	102	0.149	0.933
LOKIASV2_3321_ESMFold_hypothetical_protein	af_Q4CZU5_374_476_1.25.40.10	af_Q4CZU5_374_476_1.25.40.10	5.000E+00	0.138	35	455	583	630	7	102	103	129	0.205	0.932
LOKIASV2_3321_ESMFold_hypothetical_protein	4gywA01	4gywA01	5.233E+00	0.138	35	487	598	630	6	103	105	118	0.178	0.933
LOKIASV2_3321_ESMFold_hypothetical_protein	4cdrC01	4cdrC01	5.000E+00	0.138	35	487	598	630	8	105	107	118	0.178	0.916
LOKIASV2_3321_ESMFold_hypothetical_protein	af_A0A1D6M065_56_166_1.25.40.10	af_A0A1D6M065_56_166_1.25.40.10	6.000E+00	0.138	35	459	582	630	5	106	111	129	0.197	0.919
LOKIASV2_3321_ESMFold_hypothetical_protein	af_Q5XEP2_382_495_1.25.40.10	af_Q5XEP2_382_495_1.25.40.10	5.733E+00	0.138	35	456	580	630	14	113	114	126	0.198	0.877
LOKIASV2_3321_ESMFold_hypothetical_protein	af_B8JL34_182_296_1.25.40.10	af_B8JL34_182_296_1.25.40.10	4.777E+00	0.138	35	487	611	630	5	114	115	130	0.198	0.957
LOKIASV2_3321_ESMFold_hypothetical_protein	af_Q2QMH0_13_127_1.25.40.10	af_Q2QMH0_13_127_1.25.40.10	4.564E+00	0.138	35	487	611	630	4	113	115	128	0.198	0.957
LOKIASV2_3321_ESMFold_hypothetical_protein	af_A0A1D6Q322_37_155_1.25.40.10	af_A0A1D6Q322_37_155_1.25.40.10	4.564E+00	0.138	35	488	583	630	23	114	119	106	0.152	0.773
LOKIASV2_3321_ESMFold_hypothetical_protein	af_Q4DCN5_541_666_1.25.40.10	af_Q4DCN5_541_666_1.25.40.10	6.280E+00	0.138	35	488	583	630	22	116	126	100	0.152	0.754
LOKIASV2_3321_ESMFold_hypothetical_protein	4kbqA00	4kbqA00	3.803E+00	0.138	35	488	624	630	6	128	130	143	0.217	0.946
LOKIASV2_3321_ESMFold_hypothetical_protein	af_A4ICY0_1_133_1.25.40.10	af_A4ICY0_1_133_1.25.40.10	1.598E+00	0.138	35	488	626	630	4	129	133	147	0.221	0.947
LOKIASV2_3321_ESMFold_hypothetical_protein	af_A0A3B6UA77_31_168_1.25.40.10	af_A0A3B6UA77_31_168_1.25.40.10	5.233E+00	0.138	35	456	582	630	18	133	138	133	0.202	0.841
LOKIASV2_3321_ESMFold_hypothetical_protein	af_K7LKZ6_1_145_1.25.40.10	af_K7LKZ6_1_145_1.25.40.10	3.633E+00	0.138	35	487	630	630	4	124	145	149	0.229	0.834
LOKIASV2_3321_ESMFold_hypothetical_protein	af_Q7XD86_52_197_1.25.40.10	af_Q7XD86_52_197_1.25.40.10	2.200E+00	0.138	35	483	626	630	11	145	146	155	0.229	0.925
LOKIASV2_3321_ESMFold_hypothetical_protein	af_O13754_56_202_1.25.40.10	af_O13754_56_202_1.25.40.10	2.008E+00	0.138	35	473	629	630	2	138	147	165	0.249	0.932
LOKIASV2_3321_ESMFold_hypothetical_protein	af_A4I5V1_127_276_1.25.40.10	af_A4I5V1_127_276_1.25.40.10	2.302E+00	0.138	35	488	627	630	8	128	150	148	0.222	0.807
LOKIASV2_3321_ESMFold_hypothetical_protein	af_C6TJ63_6_163_1.25.40.10	af_C6TJ63_6_163_1.25.40.10	2.200E+00	0.138	35	487	629	630	8	134	158	151	0.227	0.804
LOKIASV2_3321_ESMFold_hypothetical_protein	af_Q8C0S4_708_872_1.25.40.10	af_Q8C0S4_708_872_1.25.40.10	2.102E+00	0.138	35	469	629	630	5	147	165	165	0.256	0.867
LOKIASV2_3321_ESMFold_hypothetical_protein	af_C6KTE5_52_217_1.25.40.10	af_C6KTE5_52_217_1.25.40.10	3.633E+00	0.138	35	461	580	630	68	164	166	121	0.190	0.584
LOKIASV2_3321_ESMFold_hypothetical_protein	3as5B00	3as5B00	2.200E+00	0.138	35	488	628	630	37	161	169	142	0.224	0.740
LOKIASV2_3321_ESMFold_hypothetical_protein	4xi0F00	4xi0F00	2.102E+00	0.138	35	444	628	630	3	167	178	187	0.294	0.927
LOKIASV2_3321_ESMFold_hypothetical_protein	af_Q4CYP7_362_543_1.25.40.10	af_Q4CYP7_362_543_1.25.40.10	2.763E+00	0.138	35	419	624	630	4	181	182	220	0.327	0.978
LOKIASV2_3321_ESMFold_hypothetical_protein	1wm5A00	1wm5A00	5.477E+00	0.138	35	488	579	630	78	173	205	109	0.146	0.468
LOKIASV2_3321_ESMFold_hypothetical_protein	af_A1Z8E9_29_247_1.25.40.10	af_A1Z8E9_29_247_1.25.40.10	1.598E+00	0.138	35	413	624	630	10	210	219	223	0.337	0.918
LOKIASV2_3321_ESMFold_hypothetical_protein	af_Q54YB5_238_462_1.25.40.10	af_Q54YB5_238_462_1.25.40.10	2.763E+00	0.138	35	479	624	630	56	189	225	151	0.232	0.596
LOKIASV2_3321_ESMFold_hypothetical_protein	af_Q13099_364_630_1.25.40.10	af_Q13099_364_630_1.25.40.10	9.678E-01	0.138	35	411	621	630	60	251	267	231	0.335	0.719
LOKIASV2_3321_ESMFold_hypothetical_protein	af_I1L565_238_534_1.25.40.10	af_I1L565_238_534_1.25.40.10	1.273E+00	0.138	35	431	629	630	88	293	297	228	0.316	0.694
LOKIASV2_3321_ESMFold_hypothetical_protein	af_A0A0G2K435_111_463_1.25.40.10	af_A0A0G2K435_111_463_1.25.40.10	1.394E+00	0.138	35	456	630	630	171	353	353	206	0.278	0.518
LOKIASV2_3321_ESMFold_hypothetical_protein	af_Q9VCN6_286_656_1.25.40.10	af_Q9VCN6_286_656_1.25.40.10	2.522E+00	0.138	35	478	619	630	201	349	371	169	0.225	0.402
LOKIASV2_3321_ESMFold_hypothetical_protein	af_Q6Z0Z6_138_222_1.25.40.10	af_Q6Z0Z6_138_222_1.25.40.10	7.201E+00	0.126	34	488	579	630	10	83	85	92	0.146	0.871
LOKIASV2_3321_ESMFold_hypothetical_protein	5jj7B01	5jj7B01	8.643E+00	0.126	34	440	534	630	5	90	93	95	0.151	0.925
LOKIASV2_3321_ESMFold_hypothetical_protein	af_A0A1D6HKP2_180_283_1.25.40.10	af_A0A1D6HKP2_180_283_1.25.40.10	4.360E+00	0.126	34	453	553	630	1	102	104	110	0.160	0.981
LOKIASV2_3321_ESMFold_hypothetical_protein	4gyyA01	4gyyA01	6.000E+00	0.126	34	487	598	630	6	103	105	118	0.178	0.933
LOKIASV2_3321_ESMFold_hypothetical_protein	4gz3A01	4gz3A01	5.733E+00	0.126	34	487	598	630	6	103	105	118	0.178	0.933
LOKIASV2_3321_ESMFold_hypothetical_protein	3pe3B01	3pe3B01	5.733E+00	0.126	34	487	598	630	8	105	107	118	0.178	0.916
LOKIASV2_3321_ESMFold_hypothetical_protein	af_K7KL29_204_311_1.25.40.10	af_K7KL29_204_311_1.25.40.10	4.564E+00	0.126	34	412	534	630	11	106	108	124	0.195	0.889
LOKIASV2_3321_ESMFold_hypothetical_protein	4cgwB00	4cgwB00	4.360E+00	0.126	34	487	583	630	12	104	108	105	0.154	0.861
LOKIASV2_3321_ESMFold_hypothetical_protein	af_A0A0P0VJ89_59_172_1.25.40.10	af_A0A0P0VJ89_59_172_1.25.40.10	5.000E+00	0.126	34	455	570	630	5	113	114	124	0.184	0.956
LOKIASV2_3321_ESMFold_hypothetical_protein	af_A2VEQ2_116_229_1.25.40.10	af_A2VEQ2_116_229_1.25.40.10	5.477E+00	0.126	34	487	583	630	20	113	114	108	0.154	0.825
LOKIASV2_3321_ESMFold_hypothetical_protein	4cgwA00	4cgwA00	6.880E+00	0.126	34	487	583	630	18	110	115	102	0.154	0.809
LOKIASV2_3321_ESMFold_hypothetical_protein	1na0B00	1na0B00	5.233E+00	0.126	34	453	583	630	1	114	119	138	0.208	0.958
LOKIASV2_3321_ESMFold_hypothetical_protein	af_A9C3Q3_296_416_1.25.40.10	af_A9C3Q3_296_416_1.25.40.10	5.000E+00	0.126	34	488	617	630	14	120	121	139	0.206	0.884
LOKIASV2_3321_ESMFold_hypothetical_protein	af_K7N441_217_339_1.25.40.10	af_K7N441_217_339_1.25.40.10	4.564E+00	0.126	34	411	528	630	9	122	123	120	0.187	0.927
LOKIASV2_3321_ESMFold_hypothetical_protein	4ja9A01	4ja9A01	3.980E+00	0.126	34	488	602	630	9	122	127	123	0.183	0.898
LOKIASV2_3321_ESMFold_hypothetical_protein	af_Q9VHW4_10_137_1.25.40.10	af_Q9VHW4_10_137_1.25.40.10	2.302E+00	0.126	34	483	610	630	2	124	128	139	0.203	0.961
LOKIASV2_3321_ESMFold_hypothetical_protein	2vsnA01	2vsnA01	4.564E+00	0.126	34	462	583	630	4	120	128	131	0.194	0.914
LOKIASV2_3321_ESMFold_hypothetical_protein	af_Q5W6J3_6_134_1.25.40.10	af_Q5W6J3_6_134_1.25.40.10	3.471E+00	0.126	34	483	626	630	5	128	129	155	0.229	0.961
LOKIASV2_3321_ESMFold_hypothetical_protein	af_Q5TYX3_3_134_1.25.40.10	af_Q5TYX3_3_134_1.25.40.10	4.564E+00	0.126	34	467	583	630	31	122	132	119	0.186	0.697
LOKIASV2_3321_ESMFold_hypothetical_protein	3q4aB00	3q4aB00	4.166E+00	0.126	34	488	626	630	7	131	132	145	0.221	0.947
LOKIASV2_3321_ESMFold_hypothetical_protein	af_A0A1D6HMU0_143_275_1.25.40.10	af_A0A1D6HMU0_143_275_1.25.40.10	4.777E+00	0.126	34	483	622	630	5	125	133	142	0.222	0.910
LOKIASV2_3321_ESMFold_hypothetical_protein	af_Q5WA76_149_284_1.25.40.10	af_Q5WA76_149_284_1.25.40.10	3.980E+00	0.126	34	488	626	630	9	124	136	144	0.221	0.853
LOKIASV2_3321_ESMFold_hypothetical_protein	af_A0A1D6HEP0_477_613_1.25.40.10	af_A0A1D6HEP0_477_613_1.25.40.10	6.000E+00	0.126	34	456	585	630	15	137	137	140	0.206	0.898
LOKIASV2_3321_ESMFold_hypothetical_protein	af_Q54QS2_200_348_1.25.40.10	af_Q54QS2_200_348_1.25.40.10	4.777E+00	0.126	34	433	583	630	5	144	149	159	0.240	0.940
LOKIASV2_3321_ESMFold_hypothetical_protein	af_M0RB67_258_407_1.25.40.10	af_M0RB67_258_407_1.25.40.10	3.803E+00	0.126	34	459	582	630	26	136	150	131	0.197	0.740
LOKIASV2_3321_ESMFold_hypothetical_protein	af_B4FVL5_9_159_1.25.40.10	af_B4FVL5_9_159_1.25.40.10	2.763E+00	0.126	34	488	629	630	11	140	151	147	0.225	0.861
LOKIASV2_3321_ESMFold_hypothetical_protein	af_Q8VZL0_66_216_1.25.40.10	af_Q8VZL0_66_216_1.25.40.10	3.980E+00	0.126	34	411	559	630	18	144	151	150	0.237	0.841
LOKIASV2_3321_ESMFold_hypothetical_protein	af_P14922_124_275_1.25.40.10	af_P14922_124_275_1.25.40.10	4.166E+00	0.126	34	411	529	630	35	145	152	132	0.189	0.730
LOKIASV2_3321_ESMFold_hypothetical_protein	af_E7EXH4_16_168_1.25.40.10	af_E7EXH4_16_168_1.25.40.10	4.777E+00	0.126	34	455	583	630	21	146	153	136	0.205	0.824
LOKIASV2_3321_ESMFold_hypothetical_protein	af_Q3UV71_589_742_1.25.40.10	af_Q3UV71_589_742_1.25.40.10	3.027E+00	0.126	34	463	621	630	7	150	154	173	0.252	0.935
LOKIASV2_3321_ESMFold_hypothetical_protein	af_B0R0W1_709_894_1.25.40.10	af_B0R0W1_709_894_1.25.40.10	3.027E+00	0.126	34	458	626	630	4	152	186	175	0.268	0.801
LOKIASV2_3321_ESMFold_hypothetical_protein	af_F1QYV0_275_470_1.25.40.10	af_F1QYV0_275_470_1.25.40.10	1.918E+00	0.126	34	458	630	630	28	189	196	180	0.275	0.827
LOKIASV2_3321_ESMFold_hypothetical_protein	af_P69434_204_523_1.25.40.10	af_P69434_204_523_1.25.40.10	4.360E+00	0.126	34	488	588	630	201	300	320	106	0.160	0.312
LOKIASV2_3321_ESMFold_hypothetical_protein	af_Q67YJ9_552_633_1.25.40.10	af_Q67YJ9_552_633_1.25.40.10	7.201E+00	0.116	33	488	584	630	5	80	82	97	0.154	0.927
LOKIASV2_3321_ESMFold_hypothetical_protein	af_Q7XHN9_363_462_1.25.40.10	af_Q7XHN9_363_462_1.25.40.10	8.643E+00	0.116	33	488	583	630	7	98	100	101	0.152	0.920
LOKIASV2_3321_ESMFold_hypothetical_protein	af_Q13099_631_738_1.25.40.10	af_Q13099_631_738_1.25.40.10	6.000E+00	0.116	33	459	584	630	6	103	108	126	0.200	0.907
LOKIASV2_3321_ESMFold_hypothetical_protein	af_A0A0R0EKM7_11_119_1.25.40.10	af_A0A0R0EKM7_11_119_1.25.40.10	7.201E+00	0.116	33	454	558	630	6	99	109	106	0.167	0.862
LOKIASV2_3321_ESMFold_hypothetical_protein	af_A4HZ52_601_712_1.25.40.10	af_A4HZ52_601_712_1.25.40.10	6.880E+00	0.116	33	488	566	630	45	105	112	79	0.125	0.545
LOKIASV2_3321_ESMFold_hypothetical_protein	af_A0A0N7KHU0_262_374_1.25.40.10	af_A0A0N7KHU0_262_374_1.25.40.10	6.000E+00	0.116	33	488	612	630	6	112	113	127	0.198	0.947
LOKIASV2_3321_ESMFold_hypothetical_protein	af_Q9HGM9_19_131_1.25.40.10	af_Q9HGM9_19_131_1.25.40.10	7.889E+00	0.116	33	456	569	630	18	112	113	114	0.181	0.841
LOKIASV2_3321_ESMFold_hypothetical_protein	af_F4J4V1_550_664_1.25.40.10	af_F4J4V1_550_664_1.25.40.10	6.574E+00	0.116	33	488	619	630	6	114	115	138	0.210	0.948
LOKIASV2_3321_ESMFold_hypothetical_protein	af_Q10E52_455_569_1.25.40.10	af_Q10E52_455_569_1.25.40.10	6.880E+00	0.116	33	466	585	630	2	115	115	128	0.190	0.991
LOKIASV2_3321_ESMFold_hypothetical_protein	af_Q5N719_388_502_1.25.40.10	af_Q5N719_388_502_1.25.40.10	5.000E+00	0.116	33	449	550	630	4	114	115	121	0.162	0.965
LOKIASV2_3321_ESMFold_hypothetical_protein	af_A0A144A2J9_376_497_1.25.40.10	af_A0A144A2J9_376_497_1.25.40.10	6.000E+00	0.116	33	488	617	630	6	120	122	132	0.206	0.943
LOKIASV2_3321_ESMFold_hypothetical_protein	af_Z4YHZ5_125_246_1.25.40.10	af_Z4YHZ5_125_246_1.25.40.10	5.233E+00	0.116	33	431	534	630	3	120	122	122	0.165	0.967
LOKIASV2_3321_ESMFold_hypothetical_protein	2vyiB00	2vyiB00	5.233E+00	0.116	33	488	617	630	9	122	124	135	0.206	0.919
LOKIASV2_3321_ESMFold_hypothetical_protein	af_A0A0N7KCI8_410_535_1.25.40.10	af_A0A0N7KCI8_410_535_1.25.40.10	3.471E+00	0.116	33	458	594	630	2	126	126	145	0.217	0.992
LOKIASV2_3321_ESMFold_hypothetical_protein	2gw1A01	2gw1A01	3.980E+00	0.116	33	487	622	630	8	124	127	138	0.216	0.921
LOKIASV2_3321_ESMFold_hypothetical_protein	af_Q7ZU45_8_135_1.25.40.10	af_Q7ZU45_8_135_1.25.40.10	5.000E+00	0.116	33	487	626	630	9	125	128	141	0.222	0.914
LOKIASV2_3321_ESMFold_hypothetical_protein	af_A0A1D6HLN3_83_214_1.25.40.10	af_A0A1D6HLN3_83_214_1.25.40.10	5.000E+00	0.116	33	446	582	630	6	131	132	141	0.217	0.955
LOKIASV2_3321_ESMFold_hypothetical_protein	af_I1M0A9_328_461_1.25.40.10	af_I1M0A9_328_461_1.25.40.10	5.477E+00	0.116	33	452	557	630	16	115	134	113	0.168	0.746
LOKIASV2_3321_ESMFold_hypothetical_protein	af_Q9SRS9_5_140_1.25.40.10	af_Q9SRS9_5_140_1.25.40.10	3.980E+00	0.116	33	488	630	630	9	136	136	148	0.227	0.941
LOKIASV2_3321_ESMFold_hypothetical_protein	af_A0A0R0G3W4_6_146_1.25.40.10	af_A0A0R0G3W4_6_146_1.25.40.10	6.000E+00	0.116	33	407	535	630	22	140	141	131	0.205	0.844
LOKIASV2_3321_ESMFold_hypothetical_protein	af_Q08752_221_370_1.25.40.10	af_Q08752_221_370_1.25.40.10	4.564E+00	0.116	33	459	582	630	26	136	150	131	0.197	0.740
LOKIASV2_3321_ESMFold_hypothetical_protein	af_Q96RK4_20_169_1.25.40.10	af_Q96RK4_20_169_1.25.40.10	4.360E+00	0.116	33	444	583	630	10	142	150	145	0.222	0.887
LOKIASV2_3321_ESMFold_hypothetical_protein	af_Q9CR16_221_370_1.25.40.10	af_Q9CR16_221_370_1.25.40.10	5.233E+00	0.116	33	459	582	630	26	143	150	129	0.197	0.787
LOKIASV2_3321_ESMFold_hypothetical_protein	af_F1RD24_380_531_1.25.40.10	af_F1RD24_380_531_1.25.40.10	4.166E+00	0.116	33	446	584	630	7	136	152	152	0.221	0.855
LOKIASV2_3321_ESMFold_hypothetical_protein	af_K7KQ42_323_474_1.25.40.10	af_K7KQ42_323_474_1.25.40.10	9.468E+00	0.116	33	461	557	630	30	110	152	97	0.154	0.533
LOKIASV2_3321_ESMFold_hypothetical_protein	af_Q9W4J6_168_321_1.25.40.10	af_Q9W4J6_168_321_1.25.40.10	5.733E+00	0.116	33	488	584	630	73	149	154	97	0.154	0.500
LOKIASV2_3321_ESMFold_hypothetical_protein	af_P47103_239_393_1.25.40.10	af_P47103_239_393_1.25.40.10	6.000E+00	0.116	33	411	535	630	10	142	155	136	0.198	0.858
LOKIASV2_3321_ESMFold_hypothetical_protein	af_K7TIT0_148_308_1.25.40.10	af_K7TIT0_148_308_1.25.40.10	3.803E+00	0.116	33	416	581	630	2	160	161	179	0.263	0.988
LOKIASV2_3321_ESMFold_hypothetical_protein	af_F1R498_93_260_1.25.40.10	af_F1R498_93_260_1.25.40.10	2.892E+00	0.116	33	462	630	630	5	165	168	182	0.268	0.958
LOKIASV2_3321_ESMFold_hypothetical_protein	af_P53043_3_170_1.25.40.10	af_P53043_3_170_1.25.40.10	4.360E+00	0.116	33	488	601	630	47	153	168	117	0.181	0.637
LOKIASV2_3321_ESMFold_hypothetical_protein	af_A0A1D6NUA9_425_595_1.25.40.10	af_A0A1D6NUA9_425_595_1.25.40.10	1.751E+00	0.116	33	453	611	630	12	168	171	174	0.252	0.918
LOKIASV2_3321_ESMFold_hypothetical_protein	af_Q20144_397_568_1.25.40.10	af_Q20144_397_568_1.25.40.10	2.102E+00	0.116	33	456	621	630	2	166	172	183	0.263	0.959
LOKIASV2_3321_ESMFold_hypothetical_protein	af_Q336U8_122_298_1.25.40.10	af_Q336U8_122_298_1.25.40.10	2.892E+00	0.116	33	488	624	630	25	162	177	156	0.217	0.780
LOKIASV2_3321_ESMFold_hypothetical_protein	af_K7KQY8_100_281_1.25.40.10	af_K7KQY8_100_281_1.25.40.10	5.000E+00	0.116	33	488	621	630	5	137	182	144	0.213	0.731
LOKIASV2_3321_ESMFold_hypothetical_protein	af_C4J723_424_607_1.25.40.10	af_C4J723_424_607_1.25.40.10	3.027E+00	0.116	33	451	622	630	5	166	184	187	0.273	0.880
LOKIASV2_3321_ESMFold_hypothetical_protein	af_Q03560_317_508_1.25.40.10	af_Q03560_317_508_1.25.40.10	1.673E+00	0.116	33	466	626	630	28	188	192	180	0.256	0.839
LOKIASV2_3321_ESMFold_hypothetical_protein	af_Q7KRS6_604_799_1.25.40.10	af_Q7KRS6_604_799_1.25.40.10	3.316E+00	0.116	33	452	629	630	1	166	196	193	0.283	0.847
LOKIASV2_3321_ESMFold_hypothetical_protein	af_O23052_306_502_1.25.40.10	af_O23052_306_502_1.25.40.10	6.880E+00	0.116	33	478	585	630	99	195	197	109	0.171	0.492
LOKIASV2_3321_ESMFold_hypothetical_protein	af_A0A0P0V586_35_121_1.25.40.10	af_A0A0P0V586_35_121_1.25.40.10	9.910E+00	0.106	32	488	583	630	10	84	87	97	0.152	0.862
LOKIASV2_3321_ESMFold_hypothetical_protein	af_A0A0R4IV14_290_391_1.25.40.10	af_A0A0R4IV14_290_391_1.25.40.10	6.000E+00	0.106	32	473	583	630	2	98	102	118	0.176	0.951
LOKIASV2_3321_ESMFold_hypothetical_protein	3taxC01	3taxC01	6.880E+00	0.106	32	487	598	630	5	102	104	118	0.178	0.942
LOKIASV2_3321_ESMFold_hypothetical_protein	4gz6A01	4gz6A01	7.201E+00	0.106	32	487	598	630	7	104	106	118	0.178	0.925
LOKIASV2_3321_ESMFold_hypothetical_protein	3pe3C01	3pe3C01	6.880E+00	0.106	32	487	598	630	8	105	107	118	0.178	0.916
LOKIASV2_3321_ESMFold_hypothetical_protein	3pe3D01	3pe3D01	7.201E+00	0.106	32	487	598	630	8	105	107	118	0.178	0.916
LOKIASV2_3321_ESMFold_hypothetical_protein	4cdrA01	4cdrA01	6.280E+00	0.106	32	487	598	630	8	105	107	118	0.178	0.916
LOKIASV2_3321_ESMFold_hypothetical_protein	af_Q4CXD5_149_257_1.25.40.10	af_Q4CXD5_149_257_1.25.40.10	3.980E+00	0.106	32	488	623	630	8	106	109	136	0.216	0.908
LOKIASV2_3321_ESMFold_hypothetical_protein	af_A0A2R8PZ91_486_596_1.25.40.10	af_A0A2R8PZ91_486_596_1.25.40.10	5.477E+00	0.106	32	487	626	630	3	105	111	140	0.222	0.928
LOKIASV2_3321_ESMFold_hypothetical_protein	af_O14217_134_245_1.25.40.10	af_O14217_134_245_1.25.40.10	6.280E+00	0.106	32	488	583	630	21	111	112	101	0.152	0.812
LOKIASV2_3321_ESMFold_hypothetical_protein	af_K7KG28_39_153_1.25.40.10	af_K7KG28_39_153_1.25.40.10	4.777E+00	0.106	32	486	612	630	3	114	115	129	0.202	0.974
LOKIASV2_3321_ESMFold_hypothetical_protein	af_Q10GN0_271_385_1.25.40.10	af_Q10GN0_271_385_1.25.40.10	8.643E+00	0.106	32	488	584	630	6	101	115	102	0.154	0.835
LOKIASV2_3321_ESMFold_hypothetical_protein	af_A0A0R0JLG5_104_219_1.25.40.10	af_A0A0R0JLG5_104_219_1.25.40.10	6.574E+00	0.106	32	483	617	630	2	115	116	141	0.214	0.983
LOKIASV2_3321_ESMFold_hypothetical_protein	2dbaA01	2dbaA01	2.763E+00	0.106	32	487	611	630	4	116	118	133	0.198	0.958
LOKIASV2_3321_ESMFold_hypothetical_protein	af_Q80ZX8_602_720_1.25.40.10	af_Q80ZX8_602_720_1.25.40.10	6.280E+00	0.106	32	487	601	630	7	113	119	120	0.183	0.899
LOKIASV2_3321_ESMFold_hypothetical_protein	1na0A00	1na0A00	5.477E+00	0.106	32	487	614	630	5	117	119	138	0.203	0.950
LOKIASV2_3321_ESMFold_hypothetical_protein	4j8eA00	4j8eA00	9.046E+00	0.106	32	488	585	630	23	119	119	102	0.156	0.815
LOKIASV2_3321_ESMFold_hypothetical_protein	5oblA01	5oblA01	5.233E+00	0.106	32	488	626	630	8	126	127	144	0.221	0.937
LOKIASV2_3321_ESMFold_hypothetical_protein	af_Q4DWU0_55_182_1.25.40.10	af_Q4DWU0_55_182_1.25.40.10	7.201E+00	0.106	32	457	588	630	5	125	128	136	0.210	0.945
LOKIASV2_3321_ESMFold_hypothetical_protein	af_A0A0P0W207_334_462_1.25.40.10	af_A0A0P0W207_334_462_1.25.40.10	6.000E+00	0.106	32	488	629	630	5	127	129	147	0.225	0.953
LOKIASV2_3321_ESMFold_hypothetical_protein	af_A4IC24_3_134_1.25.40.10	af_A4IC24_3_134_1.25.40.10	5.233E+00	0.106	32	488	607	630	7	129	132	132	0.190	0.932
LOKIASV2_3321_ESMFold_hypothetical_protein	af_Q4CPF4_206_337_1.25.40.10	af_Q4CPF4_206_337_1.25.40.10	3.803E+00	0.106	32	459	581	630	3	126	132	138	0.195	0.939
LOKIASV2_3321_ESMFold_hypothetical_protein	af_Q8R3H9_77_208_1.25.40.10	af_Q8R3H9_77_208_1.25.40.10	2.763E+00	0.106	32	487	629	630	5	128	132	151	0.227	0.939
LOKIASV2_3321_ESMFold_hypothetical_protein	af_Q9HGM9_216_348_1.25.40.10	af_Q9HGM9_216_348_1.25.40.10	4.777E+00	0.106	32	487	622	630	10	130	133	145	0.216	0.910
LOKIASV2_3321_ESMFold_hypothetical_protein	af_Q0JL44_1_135_1.25.40.10	af_Q0JL44_1_135_1.25.40.10	6.280E+00	0.106	32	483	626	630	4	124	135	151	0.229	0.896
LOKIASV2_3321_ESMFold_hypothetical_protein	af_I1JA98_1_136_1.25.40.10	af_I1JA98_1_136_1.25.40.10	5.733E+00	0.106	32	487	629	630	4	130	136	148	0.227	0.934
LOKIASV2_3321_ESMFold_hypothetical_protein	af_I1JM84_4_141_1.25.40.10	af_I1JM84_4_141_1.25.40.10	4.564E+00	0.106	32	483	630	630	6	138	138	153	0.235	0.964
LOKIASV2_3321_ESMFold_hypothetical_protein	af_Q54YB5_474_613_1.25.40.10	af_Q54YB5_474_613_1.25.40.10	4.777E+00	0.106	32	444	582	630	6	134	140	151	0.221	0.921
LOKIASV2_3321_ESMFold_hypothetical_protein	af_A4IDK2_62_203_1.25.40.10	af_A4IDK2_62_203_1.25.40.10	5.477E+00	0.106	32	432	617	630	2	137	142	193	0.295	0.958
LOKIASV2_3321_ESMFold_hypothetical_protein	af_Q4E4D8_69_213_1.25.40.10	af_Q4E4D8_69_213_1.25.40.10	5.000E+00	0.106	32	431	587	630	3	145	145	168	0.249	0.986
LOKIASV2_3321_ESMFold_hypothetical_protein	af_Q4D5Z5_131_280_1.25.40.10	af_Q4D5Z5_131_280_1.25.40.10	3.471E+00	0.106	32	488	630	630	12	131	150	151	0.227	0.800
LOKIASV2_3321_ESMFold_hypothetical_protein	af_Q8C1Z7_17_169_1.25.40.10	af_Q8C1Z7_17_169_1.25.40.10	5.000E+00	0.106	32	444	583	630	13	145	153	145	0.222	0.869
LOKIASV2_3321_ESMFold_hypothetical_protein	af_A0A0G2KK82_1317_1470_1.25.40.10	af_A0A0G2KK82_1317_1470_1.25.40.10	7.889E+00	0.106	32	488	585	630	50	143	154	100	0.156	0.610
LOKIASV2_3321_ESMFold_hypothetical_protein	af_Q5VMX4_157_310_1.25.40.10	af_Q5VMX4_157_310_1.25.40.10	4.166E+00	0.106	32	488	630	630	8	139	154	149	0.227	0.857
LOKIASV2_3321_ESMFold_hypothetical_protein	af_A0A0G2K726_644_798_1.25.40.10	af_A0A0G2K726_644_798_1.25.40.10	3.168E+00	0.106	32	458	630	630	8	155	155	185	0.275	0.955
LOKIASV2_3321_ESMFold_hypothetical_protein	af_Q56A06_600_760_1.25.40.10	af_Q56A06_600_760_1.25.40.10	3.471E+00	0.106	32	458	620	630	16	160	161	173	0.259	0.901
LOKIASV2_3321_ESMFold_hypothetical_protein	af_O13797_73_240_1.25.40.10	af_O13797_73_240_1.25.40.10	3.168E+00	0.106	32	483	623	630	9	126	168	151	0.224	0.702
LOKIASV2_3321_ESMFold_hypothetical_protein	af_A0A1D6KZI5_23_198_1.25.40.10	af_A0A1D6KZI5_23_198_1.25.40.10	5.477E+00	0.106	32	477	583	630	86	172	176	110	0.170	0.494
LOKIASV2_3321_ESMFold_hypothetical_protein	5lflF00	5lflF00	2.640E+00	0.106	32	444	623	630	3	175	178	198	0.286	0.972
LOKIASV2_3321_ESMFold_hypothetical_protein	af_D4A333_877_1056_1.25.40.10	af_D4A333_877_1056_1.25.40.10	3.471E+00	0.106	32	488	630	630	10	139	180	153	0.227	0.722
LOKIASV2_3321_ESMFold_hypothetical_protein	af_F1R7L2_94_279_1.25.40.10	af_F1R7L2_94_279_1.25.40.10	5.000E+00	0.106	32	478	598	630	68	185	186	135	0.192	0.634
LOKIASV2_3321_ESMFold_hypothetical_protein	af_Q0DZE7_271_488_1.25.40.10	af_Q0DZE7_271_488_1.25.40.10	9.468E+00	0.106	32	461	557	630	119	199	218	97	0.154	0.372
LOKIASV2_3321_ESMFold_hypothetical_protein	af_Q4DBH2_35_355_1.25.40.1040	af_Q4DBH2_35_355_1.25.40.1040	2.200E+00	0.106	32	474	624	630	146	294	321	167	0.240	0.464
LOKIASV2_3321_ESMFold_hypothetical_protein	af_Q61371_402_732_1.25.40.10	af_Q61371_402_732_1.25.40.10	1.527E+00	0.106	32	411	621	630	22	213	331	231	0.335	0.580
LOKIASV2_3321_ESMFold_hypothetical_protein	af_I1LT60_9_519_1.25.40.10	af_I1LT60_9_519_1.25.40.10	3.803E+00	0.106	32	478	623	630	363	505	511	161	0.232	0.280
LOKIASV2_3321_ESMFold_hypothetical_protein	af_Q67YJ9_465_551_1.25.40.10	af_Q67YJ9_465_551_1.25.40.10	9.046E+00	0.098	31	488	585	630	22	84	87	98	0.156	0.724
LOKIASV2_3321_ESMFold_hypothetical_protein	af_Q54J83_838_942_1.25.40.10	af_Q54J83_838_942_1.25.40.10	8.257E+00	0.098	31	488	583	630	8	100	105	100	0.152	0.886
LOKIASV2_3321_ESMFold_hypothetical_protein	4cdrD01	4cdrD01	7.201E+00	0.098	31	487	598	630	8	105	107	118	0.178	0.916
LOKIASV2_3321_ESMFold_hypothetical_protein	af_K7K333_326_434_1.25.40.10	af_K7K333_326_434_1.25.40.10	7.201E+00	0.098	31	488	584	630	7	100	109	104	0.154	0.862
LOKIASV2_3321_ESMFold_hypothetical_protein	af_Q9VSK6_67_177_1.25.40.10	af_Q9VSK6_67_177_1.25.40.10	6.880E+00	0.098	31	411	528	630	7	110	111	119	0.187	0.937
LOKIASV2_3321_ESMFold_hypothetical_protein	af_E9AH25_276_388_1.25.40.10	af_E9AH25_276_388_1.25.40.10	3.633E+00	0.098	31	488	618	630	5	112	113	139	0.208	0.956
LOKIASV2_3321_ESMFold_hypothetical_protein	af_Q9LNB6_383_496_1.25.40.10	af_Q9LNB6_383_496_1.25.40.10	7.538E+00	0.098	31	488	619	630	4	112	114	137	0.210	0.956
LOKIASV2_3321_ESMFold_hypothetical_protein	af_I1K0K7_376_491_1.25.40.10	af_I1K0K7_376_491_1.25.40.10	7.201E+00	0.098	31	488	619	630	6	114	116	137	0.210	0.940
LOKIASV2_3321_ESMFold_hypothetical_protein	af_Q9UNE7_24_139_1.25.40.10	af_Q9UNE7_24_139_1.25.40.10	5.733E+00	0.098	31	454	579	630	2	115	116	137	0.200	0.983
LOKIASV2_3321_ESMFold_hypothetical_protein	af_F1QE50_437_553_1.25.40.10	af_F1QE50_437_553_1.25.40.10	7.201E+00	0.098	31	455	580	630	2	114	117	130	0.200	0.966
LOKIASV2_3321_ESMFold_hypothetical_protein	af_K7LMM2_2_123_1.25.40.10	af_K7LMM2_2_123_1.25.40.10	7.889E+00	0.098	31	486	628	630	2	121	122	148	0.227	0.984
LOKIASV2_3321_ESMFold_hypothetical_protein	af_Q9WUD1_20_146_1.25.40.10	af_Q9WUD1_20_146_1.25.40.10	3.633E+00	0.098	31	452	583	630	5	124	127	143	0.210	0.945
LOKIASV2_3321_ESMFold_hypothetical_protein	af_F1QHZ3_76_203_1.25.40.10	af_F1QHZ3_76_203_1.25.40.10	3.633E+00	0.098	31	483	622	630	2	126	128	148	0.222	0.977
LOKIASV2_3321_ESMFold_hypothetical_protein	af_B0BN85_9_138_1.25.40.10	af_B0BN85_9_138_1.25.40.10	7.889E+00	0.098	31	470	575	630	13	119	130	115	0.168	0.823
LOKIASV2_3321_ESMFold_hypothetical_protein	af_Q54U51_92_221_1.25.40.10	af_Q54U51_92_221_1.25.40.10	5.233E+00	0.098	31	488	583	630	6	113	130	109	0.152	0.831
LOKIASV2_3321_ESMFold_hypothetical_protein	af_A4I452_55_185_1.25.40.10	af_A4I452_55_185_1.25.40.10	5.733E+00	0.098	31	457	582	630	5	123	131	135	0.200	0.908
LOKIASV2_3321_ESMFold_hypothetical_protein	af_I1KFG3_103_233_1.25.40.10	af_I1KFG3_103_233_1.25.40.10	3.803E+00	0.098	31	488	627	630	4	129	131	153	0.222	0.962
LOKIASV2_3321_ESMFold_hypothetical_protein	af_B4FDG5_174_307_1.25.40.10	af_B4FDG5_174_307_1.25.40.10	9.468E+00	0.098	31	459	583	630	18	131	134	132	0.198	0.851
LOKIASV2_3321_ESMFold_hypothetical_protein	af_Q4CP94_85_220_1.25.40.10	af_Q4CP94_85_220_1.25.40.10	8.643E+00	0.098	31	488	584	630	61	136	136	97	0.154	0.559
LOKIASV2_3321_ESMFold_hypothetical_protein	af_Q68FQ7_120_255_1.25.40.10	af_Q68FQ7_120_255_1.25.40.10	5.477E+00	0.098	31	488	622	630	17	135	136	140	0.214	0.875
LOKIASV2_3321_ESMFold_hypothetical_protein	af_O70593_82_222_1.25.40.10	af_O70593_82_222_1.25.40.10	6.000E+00	0.098	31	476	624	630	1	126	141	157	0.237	0.894
LOKIASV2_3321_ESMFold_hypothetical_protein	af_A0A1D6MQ72_541_682_1.25.40.10	af_A0A1D6MQ72_541_682_1.25.40.10	2.008E+00	0.098	31	487	628	630	9	141	142	150	0.225	0.937
LOKIASV2_3321_ESMFold_hypothetical_protein	af_A0A1D6HKR0_472_614_1.25.40.10	af_A0A1D6HKR0_472_614_1.25.40.10	4.777E+00	0.098	31	462	623	630	2	142	143	173	0.257	0.986
LOKIASV2_3321_ESMFold_hypothetical_protein	af_O43765_82_224_1.25.40.10	af_O43765_82_224_1.25.40.10	6.000E+00	0.098	31	476	624	630	1	126	143	157	0.237	0.881
LOKIASV2_3321_ESMFold_hypothetical_protein	af_Q4CLR4_134_280_1.25.40.10	af_Q4CLR4_134_280_1.25.40.10	4.166E+00	0.098	31	488	629	630	9	127	147	150	0.225	0.810
LOKIASV2_3321_ESMFold_hypothetical_protein	af_Q5T4D3_588_740_1.25.40.10	af_Q5T4D3_588_740_1.25.40.10	3.027E+00	0.098	31	490	630	630	2	153	153	172	0.224	0.993
LOKIASV2_3321_ESMFold_hypothetical_protein	af_A0A1D8PJ59_217_374_1.25.40.10	af_A0A1D8PJ59_217_374_1.25.40.10	5.000E+00	0.098	31	427	584	630	2	152	158	173	0.251	0.956
LOKIASV2_3321_ESMFold_hypothetical_protein	af_A4I2R4_560_719_1.25.40.10	af_A4I2R4_560_719_1.25.40.10	3.633E+00	0.098	31	453	584	630	16	160	160	149	0.210	0.906
LOKIASV2_3321_ESMFold_hypothetical_protein	af_O42668_267_430_1.25.40.10	af_O42668_267_430_1.25.40.10	4.166E+00	0.098	31	411	617	630	8	161	164	211	0.329	0.939
LOKIASV2_3321_ESMFold_hypothetical_protein	af_Q5BPZ1_65_232_1.25.40.10	af_Q5BPZ1_65_232_1.25.40.10	4.777E+00	0.098	31	487	584	630	73	166	168	103	0.156	0.560
LOKIASV2_3321_ESMFold_hypothetical_protein	af_A0A1D6GDC0_120_305_1.25.40.10	af_A0A1D6GDC0_120_305_1.25.40.10	2.302E+00	0.098	31	420	614	630	3	176	186	210	0.310	0.935
LOKIASV2_3321_ESMFold_hypothetical_protein	af_Q7KRS6_139_352_1.25.40.10	af_Q7KRS6_139_352_1.25.40.10	4.360E+00	0.098	31	411	583	630	8	168	214	180	0.275	0.752
LOKIASV2_3321_ESMFold_hypothetical_protein	af_Q4D661_411_630_1.25.40.10	af_Q4D661_411_630_1.25.40.10	5.733E+00	0.098	31	458	579	630	111	217	220	125	0.194	0.486
LOKIASV2_3321_ESMFold_hypothetical_protein	af_P69434_98_193_1.25.40.10	af_P69434_98_193_1.25.40.10	7.538E+00	0.090	30	488	583	630	4	94	96	104	0.152	0.948
LOKIASV2_3321_ESMFold_hypothetical_protein	af_Q9VS37_743_846_1.25.40.10	af_Q9VS37_743_846_1.25.40.10	7.201E+00	0.090	30	488	585	630	8	104	104	103	0.156	0.933
LOKIASV2_3321_ESMFold_hypothetical_protein	4gz5A01	4gz5A01	8.643E+00	0.090	30	487	598	630	7	104	106	118	0.178	0.925
LOKIASV2_3321_ESMFold_hypothetical_protein	4cdrB01	4cdrB01	8.257E+00	0.090	30	487	598	630	8	105	107	118	0.178	0.916
LOKIASV2_3321_ESMFold_hypothetical_protein	af_Q4CZM3_540_649_1.25.40.10	af_Q4CZM3_540_649_1.25.40.10	6.000E+00	0.090	30	458	581	630	11	109	110	128	0.197	0.900
LOKIASV2_3321_ESMFold_hypothetical_protein	af_Q4DYD9_367_479_1.25.40.10	af_Q4DYD9_367_479_1.25.40.10	5.477E+00	0.090	30	488	584	630	5	100	113	105	0.154	0.850
LOKIASV2_3321_ESMFold_hypothetical_protein	af_A4HTP4_356_469_1.25.40.10	af_A4HTP4_356_469_1.25.40.10	5.733E+00	0.090	30	488	584	630	6	101	114	105	0.154	0.842
LOKIASV2_3321_ESMFold_hypothetical_protein	af_I1KC83_194_309_1.25.40.10	af_I1KC83_194_309_1.25.40.10	6.574E+00	0.090	30	411	530	630	19	113	116	121	0.190	0.819
LOKIASV2_3321_ESMFold_hypothetical_protein	af_Q8S7V1_9_143_1.25.40.10	af_Q8S7V1_9_143_1.25.40.10	6.574E+00	0.090	30	456	585	630	12	134	135	139	0.206	0.911
LOKIASV2_3321_ESMFold_hypothetical_protein	af_Q4E2I2_4_139_1.25.40.10	af_Q4E2I2_4_139_1.25.40.10	8.257E+00	0.090	30	455	581	630	5	125	136	137	0.202	0.890
LOKIASV2_3321_ESMFold_hypothetical_protein	af_Q9VJD4_110_246_1.25.40.10	af_Q9VJD4_110_246_1.25.40.10	6.000E+00	0.090	30	411	549	630	15	133	137	143	0.221	0.869
LOKIASV2_3321_ESMFold_hypothetical_protein	af_M0RDE8_11_148_1.25.40.10	af_M0RDE8_11_148_1.25.40.10	9.468E+00	0.090	30	467	581	630	30	137	138	121	0.183	0.783
LOKIASV2_3321_ESMFold_hypothetical_protein	af_A0A1D6H9U6_236_378_1.25.40.10	af_A0A1D6H9U6_236_378_1.25.40.10	5.233E+00	0.090	30	432	582	630	10	135	143	155	0.240	0.881
LOKIASV2_3321_ESMFold_hypothetical_protein	3gz2B00	3gz2B00	9.468E+00	0.090	30	457	576	630	36	142	143	122	0.190	0.748
LOKIASV2_3321_ESMFold_hypothetical_protein	af_Q6PID6_53_198_1.25.40.10	af_Q6PID6_53_198_1.25.40.10	6.280E+00	0.090	30	456	598	630	20	146	146	152	0.227	0.870
LOKIASV2_3321_ESMFold_hypothetical_protein	af_I1L8H9_27_173_1.25.40.10	af_I1L8H9_27_173_1.25.40.10	9.910E+00	0.090	30	459	582	630	23	130	147	126	0.197	0.735
LOKIASV2_3321_ESMFold_hypothetical_protein	af_Q5I0X7_3_151_1.25.40.10	af_Q5I0X7_3_151_1.25.40.10	7.201E+00	0.090	30	458	581	630	28	148	149	134	0.197	0.812
LOKIASV2_3321_ESMFold_hypothetical_protein	af_O45418_243_397_1.25.40.10	af_O45418_243_397_1.25.40.10	8.643E+00	0.090	30	455	582	630	28	144	155	135	0.203	0.755
LOKIASV2_3321_ESMFold_hypothetical_protein	af_Q84XU2_2_159_1.25.40.10	af_Q84XU2_2_159_1.25.40.10	4.360E+00	0.090	30	483	630	630	10	137	158	159	0.235	0.810
LOKIASV2_3321_ESMFold_hypothetical_protein	af_Q65XJ0_10_168_1.25.40.10	af_Q65XJ0_10_168_1.25.40.10	3.980E+00	0.090	30	488	630	630	8	159	159	172	0.227	0.956
LOKIASV2_3321_ESMFold_hypothetical_protein	af_I1LW70_184_345_1.25.40.10	af_I1LW70_184_345_1.25.40.10	4.166E+00	0.090	30	487	629	630	8	136	162	150	0.227	0.796
LOKIASV2_3321_ESMFold_hypothetical_protein	af_A4I340_80_247_1.25.40.10	af_A4I340_80_247_1.25.40.10	5.233E+00	0.090	30	441	584	630	6	144	168	155	0.229	0.827
LOKIASV2_3321_ESMFold_hypothetical_protein	af_Q80ZX8_173_342_1.25.40.10	af_Q80ZX8_173_342_1.25.40.10	7.538E+00	0.090	30	488	593	630	77	168	170	106	0.168	0.541
LOKIASV2_3321_ESMFold_hypothetical_protein	af_Q8C0S4_880_1053_1.25.40.10	af_Q8C0S4_880_1053_1.25.40.10	3.803E+00	0.090	30	435	620	630	7	170	174	203	0.295	0.943
LOKIASV2_3321_ESMFold_hypothetical_protein	af_A0A1D8PNZ8_109_287_1.25.40.10	af_A0A1D8PNZ8_109_287_1.25.40.10	2.640E+00	0.090	30	445	621	630	4	178	179	197	0.281	0.978
LOKIASV2_3321_ESMFold_hypothetical_protein	af_B7ZYT3_113_297_1.25.40.10	af_B7ZYT3_113_297_1.25.40.10	3.316E+00	0.090	30	411	622	630	4	176	185	217	0.337	0.935
LOKIASV2_3321_ESMFold_hypothetical_protein	af_Q6P3X3_484_675_1.25.40.10	af_Q6P3X3_484_675_1.25.40.10	8.643E+00	0.090	30	488	615	630	81	191	192	128	0.203	0.578
LOKIASV2_3321_ESMFold_hypothetical_protein	af_A2VCY2_1_193_1.25.40.10	af_A2VCY2_1_193_1.25.40.10	4.564E+00	0.090	30	488	618	630	40	169	193	151	0.208	0.674
LOKIASV2_3321_ESMFold_hypothetical_protein	af_Q96301_261_459_1.25.40.10	af_Q96301_261_459_1.25.40.10	2.763E+00	0.090	30	467	621	630	9	165	199	179	0.246	0.789
LOKIASV2_3321_ESMFold_hypothetical_protein	4ui9P02	4ui9P02	2.763E+00	0.090	30	459	627	630	13	178	201	179	0.268	0.826
LOKIASV2_3321_ESMFold_hypothetical_protein	af_Q8LEV0_67_322_1.25.40.10	af_Q8LEV0_67_322_1.25.40.10	3.980E+00	0.090	30	456	624	630	37	189	256	181	0.268	0.598
LOKIASV2_3321_ESMFold_hypothetical_protein	af_O94474_866_1153_1.25.40.10	af_O94474_866_1153_1.25.40.10	4.777E+00	0.090	30	429	583	630	6	159	288	168	0.246	0.535
LOKIASV2_3321_ESMFold_hypothetical_protein	af_Q9LX19_236_590_1.25.40.10	af_Q9LX19_236_590_1.25.40.10	2.522E+00	0.090	30	478	627	630	62	208	355	159	0.238	0.414
LOKIASV2_3321_ESMFold_hypothetical_protein	af_A0A1D6QED3_218_576_1.25.40.10	af_A0A1D6QED3_218_576_1.25.40.10	2.892E+00	0.090	30	478	619	630	63	212	359	163	0.225	0.418
LOKIASV2_3321_ESMFold_hypothetical_protein	2xgsB01	2xgsB01	7.538E+00	0.082	29	488	583	630	5	65	73	96	0.152	0.836
LOKIASV2_3321_ESMFold_hypothetical_protein	af_F4JS25_498_594_1.25.40.10	af_F4JS25_498_594_1.25.40.10	7.201E+00	0.082	29	455	530	630	7	82	97	76	0.121	0.784
LOKIASV2_3321_ESMFold_hypothetical_protein	af_A0A1D6KIC4_314_411_1.25.40.10	af_A0A1D6KIC4_314_411_1.25.40.10	9.910E+00	0.082	29	488	583	630	23	97	98	97	0.152	0.765
LOKIASV2_3321_ESMFold_hypothetical_protein	af_Q4DQF1_45_151_1.25.40.10	af_Q4DQF1_45_151_1.25.40.10	9.468E+00	0.082	29	411	530	630	10	104	107	121	0.190	0.888
LOKIASV2_3321_ESMFold_hypothetical_protein	4ay6D01	4ay6D01	8.643E+00	0.082	29	487	598	630	8	105	107	118	0.178	0.916
LOKIASV2_3321_ESMFold_hypothetical_protein	af_A0A0N7KHT9_273_387_1.25.40.10	af_A0A0N7KHT9_273_387_1.25.40.10	8.643E+00	0.082	29	488	606	630	6	113	115	124	0.189	0.939
LOKIASV2_3321_ESMFold_hypothetical_protein	af_D3YY23_198_314_1.25.40.10	af_D3YY23_198_314_1.25.40.10	6.880E+00	0.082	29	488	613	630	6	116	117	132	0.200	0.949
LOKIASV2_3321_ESMFold_hypothetical_protein	af_B0G196_90_208_1.25.40.10	af_B0G196_90_208_1.25.40.10	8.643E+00	0.082	29	454	573	630	1	118	119	127	0.190	0.992
LOKIASV2_3321_ESMFold_hypothetical_protein	af_Q9VC34_125_244_1.25.40.10	af_Q9VC34_125_244_1.25.40.10	6.574E+00	0.082	29	488	583	630	7	117	120	119	0.152	0.925
LOKIASV2_3321_ESMFold_hypothetical_protein	af_Q5ABB8_88_213_1.25.40.10	af_Q5ABB8_88_213_1.25.40.10	4.777E+00	0.082	29	488	625	630	6	124	126	149	0.219	0.944
LOKIASV2_3321_ESMFold_hypothetical_protein	af_Q9SUR9_1_126_1.25.40.10	af_Q9SUR9_1_126_1.25.40.10	6.574E+00	0.082	29	488	623	630	5	124	126	141	0.216	0.952
LOKIASV2_3321_ESMFold_hypothetical_protein	4cgvB00	4cgvB00	8.257E+00	0.082	29	488	617	630	9	123	126	133	0.206	0.913
LOKIASV2_3321_ESMFold_hypothetical_protein	af_D4A4T0_20_146_1.25.40.10	af_D4A4T0_20_146_1.25.40.10	5.233E+00	0.082	29	452	583	630	5	124	127	143	0.210	0.945
LOKIASV2_3321_ESMFold_hypothetical_protein	af_F1QU23_2_128_1.25.40.10	af_F1QU23_2_128_1.25.40.10	4.777E+00	0.082	29	487	623	630	6	126	127	145	0.217	0.953
LOKIASV2_3321_ESMFold_hypothetical_protein	2vyiA00	2vyiA00	7.889E+00	0.082	29	488	617	630	12	126	128	135	0.206	0.898
LOKIASV2_3321_ESMFold_hypothetical_protein	af_Q9LS48_90_223_1.25.40.10	af_Q9LS48_90_223_1.25.40.10	7.889E+00	0.082	29	435	559	630	20	132	134	126	0.198	0.843
LOKIASV2_3321_ESMFold_hypothetical_protein	af_F6ZE64_177_312_1.25.40.10	af_F6ZE64_177_312_1.25.40.10	4.564E+00	0.082	29	445	598	630	8	131	136	159	0.244	0.912
LOKIASV2_3321_ESMFold_hypothetical_protein	af_A0A0G2JZ94_99_236_1.25.40.10	af_A0A0G2JZ94_99_236_1.25.40.10	7.538E+00	0.082	29	456	598	630	2	134	138	149	0.227	0.964
LOKIASV2_3321_ESMFold_hypothetical_protein	af_D4A8B1_23_168_1.25.40.10	af_D4A8B1_23_168_1.25.40.10	7.538E+00	0.082	29	431	583	630	10	139	146	158	0.243	0.890
LOKIASV2_3321_ESMFold_hypothetical_protein	af_F1RCT4_36_181_1.25.40.10	af_F1RCT4_36_181_1.25.40.10	8.643E+00	0.082	29	431	573	630	7	131	146	145	0.227	0.856
LOKIASV2_3321_ESMFold_hypothetical_protein	af_I1MPF6_1_150_1.25.40.10	af_I1MPF6_1_150_1.25.40.10	7.201E+00	0.082	29	487	630	630	4	124	150	149	0.229	0.807
LOKIASV2_3321_ESMFold_hypothetical_protein	af_Q6DGG0_221_370_1.25.40.10	af_Q6DGG0_221_370_1.25.40.10	8.257E+00	0.082	29	459	582	630	26	143	150	129	0.197	0.787
LOKIASV2_3321_ESMFold_hypothetical_protein	af_B9DHG0_140_294_1.25.40.10	af_B9DHG0_140_294_1.25.40.10	4.166E+00	0.082	29	458	630	630	2	155	155	177	0.275	0.994
LOKIASV2_3321_ESMFold_hypothetical_protein	af_F1RBN2_267_425_1.25.40.10	af_F1RBN2_267_425_1.25.40.10	5.477E+00	0.082	29	462	626	630	17	158	159	172	0.262	0.893
LOKIASV2_3321_ESMFold_hypothetical_protein	af_Q21746_98_262_1.25.40.10	af_Q21746_98_262_1.25.40.10	4.564E+00	0.082	29	483	630	630	6	129	165	156	0.235	0.752
LOKIASV2_3321_ESMFold_hypothetical_protein	af_G3UYY4_1119_1294_1.25.40.10	af_G3UYY4_1119_1294_1.25.40.10	5.477E+00	0.082	29	478	622	630	34	175	176	150	0.230	0.807
LOKIASV2_3321_ESMFold_hypothetical_protein	af_Q5CZ52_271_459_1.25.40.10	af_Q5CZ52_271_459_1.25.40.10	4.564E+00	0.082	29	461	627	630	5	165	189	175	0.265	0.852
LOKIASV2_3321_ESMFold_hypothetical_protein	af_Q6H6H0_91_353_1.25.40.10	af_Q6H6H0_91_353_1.25.40.10	7.538E+00	0.082	29	470	584	630	154	263	263	123	0.183	0.418
LOKIASV2_3321_ESMFold_hypothetical_protein	af_Q9VDQ7_9_355_1.25.40.1040	af_Q9VDQ7_9_355_1.25.40.1040	3.027E+00	0.082	29	412	618	630	11	182	347	208	0.329	0.496
LOKIASV2_3321_ESMFold_hypothetical_protein	4ay6A01	4ay6A01	9.468E+00	0.076	28	487	598	630	8	105	107	118	0.178	0.916
LOKIASV2_3321_ESMFold_hypothetical_protein	af_M0RBH7_98_205_1.25.40.10	af_M0RBH7_98_205_1.25.40.10	9.910E+00	0.076	28	492	611	630	3	107	108	125	0.190	0.972
LOKIASV2_3321_ESMFold_hypothetical_protein	af_K7K445_648_764_1.25.40.10	af_K7K445_648_764_1.25.40.10	7.889E+00	0.076	28	459	582	630	18	106	117	124	0.197	0.761
LOKIASV2_3321_ESMFold_hypothetical_protein	af_A0A2R8QN57_72_189_1.25.40.10	af_A0A2R8QN57_72_189_1.25.40.10	7.889E+00	0.076	28	487	622	630	1	114	118	137	0.216	0.966
LOKIASV2_3321_ESMFold_hypothetical_protein	4cgvD00	4cgvD00	9.046E+00	0.076	28	488	611	630	9	117	124	129	0.197	0.879
LOKIASV2_3321_ESMFold_hypothetical_protein	af_A0A0R0JMW0_343_467_1.25.40.10	af_A0A0R0JMW0_343_467_1.25.40.10	6.574E+00	0.076	28	461	592	630	34	124	125	133	0.210	0.728
LOKIASV2_3321_ESMFold_hypothetical_protein	af_A0A096MJB5_3_128_1.25.40.10	af_A0A096MJB5_3_128_1.25.40.10	5.477E+00	0.076	28	483	626	630	2	125	126	152	0.229	0.984
LOKIASV2_3321_ESMFold_hypothetical_protein	6fd7A00	6fd7A00	7.889E+00	0.076	28	488	622	630	8	126	127	138	0.214	0.937
LOKIASV2_3321_ESMFold_hypothetical_protein	af_A0A0P0V9J9_18_148_1.25.40.10	af_A0A0P0V9J9_18_148_1.25.40.10	7.538E+00	0.076	28	463	583	630	22	129	131	126	0.192	0.824
LOKIASV2_3321_ESMFold_hypothetical_protein	5oblB01	5oblB01	5.733E+00	0.076	28	488	630	630	12	131	131	152	0.227	0.916
LOKIASV2_3321_ESMFold_hypothetical_protein	af_I1LZU9_34_165_1.25.40.10	af_I1LZU9_34_165_1.25.40.10	6.280E+00	0.076	28	411	539	630	12	132	132	144	0.205	0.917
LOKIASV2_3321_ESMFold_hypothetical_protein	af_I1K2A6_8_142_1.25.40.10	af_I1K2A6_8_142_1.25.40.10	8.643E+00	0.076	28	455	585	630	8	134	135	136	0.208	0.941
LOKIASV2_3321_ESMFold_hypothetical_protein	af_C0HHW6_65_210_1.25.40.10	af_C0HHW6_65_210_1.25.40.10	5.233E+00	0.076	28	483	626	630	10	144	146	155	0.229	0.925
LOKIASV2_3321_ESMFold_hypothetical_protein	af_Q54VG4_135_282_1.25.40.10	af_Q54VG4_135_282_1.25.40.10	9.046E+00	0.076	28	488	622	630	14	129	148	137	0.214	0.784
LOKIASV2_3321_ESMFold_hypothetical_protein	af_A4IDE9_414_564_1.25.40.10	af_A4IDE9_414_564_1.25.40.10	7.201E+00	0.076	28	479	616	630	20	150	151	145	0.219	0.868
LOKIASV2_3321_ESMFold_hypothetical_protein	af_Q54M20_84_249_1.25.40.10	af_Q54M20_84_249_1.25.40.10	7.538E+00	0.076	28	466	605	630	33	162	166	148	0.222	0.783
LOKIASV2_3321_ESMFold_hypothetical_protein	1p5qB02	1p5qB02	7.201E+00	0.076	28	456	624	630	22	165	166	176	0.268	0.867
LOKIASV2_3321_ESMFold_hypothetical_protein	af_A0A5K1K963_46_212_1.25.40.10	af_A0A5K1K963_46_212_1.25.40.10	7.201E+00	0.076	28	456	628	630	11	166	167	180	0.275	0.934
LOKIASV2_3321_ESMFold_hypothetical_protein	af_D3ZRX3_42_211_1.25.40.10	af_D3ZRX3_42_211_1.25.40.10	6.280E+00	0.076	28	455	615	630	4	168	170	189	0.256	0.971
LOKIASV2_3321_ESMFold_hypothetical_protein	af_A0A0P0VKB5_74_252_1.25.40.10	af_A0A0P0VKB5_74_252_1.25.40.10	6.880E+00	0.076	28	483	628	630	6	128	179	148	0.232	0.687
LOKIASV2_3321_ESMFold_hypothetical_protein	af_Q4CZM3_5_195_1.25.40.10	af_Q4CZM3_5_195_1.25.40.10	9.046E+00	0.076	28	488	583	630	88	186	191	115	0.152	0.518
LOKIASV2_3321_ESMFold_hypothetical_protein	2pl2B00	2pl2B00	5.000E+00	0.076	28	459	624	630	18	176	194	182	0.263	0.820
LOKIASV2_3321_ESMFold_hypothetical_protein	af_Q5T0N1_546_774_1.25.40.10	af_Q5T0N1_546_774_1.25.40.10	2.200E+00	0.076	28	410	630	630	13	229	229	233	0.351	0.948
LOKIASV2_3321_ESMFold_hypothetical_protein	af_O14879_193_431_1.25.40.10	af_O14879_193_431_1.25.40.10	5.233E+00	0.076	28	445	586	630	11	135	239	144	0.225	0.523
LOKIASV2_3321_ESMFold_hypothetical_protein	af_Q54IP0_1_359_1.25.40.10	af_Q54IP0_1_359_1.25.40.10	4.166E+00	0.076	28	460	621	630	166	335	359	185	0.257	0.474
LOKIASV2_3321_ESMFold_hypothetical_protein	af_Q7KJA9_52_439_1.25.40.10	af_Q7KJA9_52_439_1.25.40.10	5.233E+00	0.076	28	478	619	630	60	195	388	158	0.225	0.351
LOKIASV2_3321_ESMFold_hypothetical_protein	af_Q4DQE3_1_110_1.25.40.10	af_Q4DQE3_1_110_1.25.40.10	8.257E+00	0.069	27	488	630	630	5	110	110	147	0.227	0.964
LOKIASV2_3321_ESMFold_hypothetical_protein	af_A4IBI5_240_358_1.25.40.10	af_A4IBI5_240_358_1.25.40.10	6.574E+00	0.069	27	488	615	630	3	117	119	134	0.203	0.966
LOKIASV2_3321_ESMFold_hypothetical_protein	4cgvA00	4cgvA00	9.910E+00	0.069	27	488	617	630	10	124	125	135	0.206	0.920
LOKIASV2_3321_ESMFold_hypothetical_protein	2xgoB01	2xgoB01	7.538E+00	0.069	27	463	583	630	17	127	135	132	0.192	0.822
LOKIASV2_3321_ESMFold_hypothetical_protein	af_A0A1P8AQJ5_77_214_1.25.40.10	af_A0A1P8AQJ5_77_214_1.25.40.10	7.889E+00	0.069	27	488	585	630	45	128	138	103	0.156	0.609
LOKIASV2_3321_ESMFold_hypothetical_protein	af_O77346_199_343_1.25.40.10	af_O77346_199_343_1.25.40.10	5.477E+00	0.069	27	458	624	630	2	143	145	186	0.265	0.979
LOKIASV2_3321_ESMFold_hypothetical_protein	af_B6EBD5_1_150_1.25.40.10	af_B6EBD5_1_150_1.25.40.10	7.889E+00	0.069	27	488	626	630	5	120	150	144	0.221	0.773
LOKIASV2_3321_ESMFold_hypothetical_protein	af_Q07617_617_767_1.25.40.10	af_Q07617_617_767_1.25.40.10	8.643E+00	0.069	27	488	596	630	44	142	151	111	0.173	0.656
LOKIASV2_3321_ESMFold_hypothetical_protein	af_F1QF84_526_678_1.25.40.10	af_F1QF84_526_678_1.25.40.10	6.574E+00	0.069	27	463	627	630	6	146	153	179	0.262	0.922
LOKIASV2_3321_ESMFold_hypothetical_protein	af_Q9W3Y6_248_436_1.25.40.10	af_Q9W3Y6_248_436_1.25.40.10	7.538E+00	0.069	27	488	618	630	5	127	189	139	0.208	0.651
LOKIASV2_3321_ESMFold_hypothetical_protein	2q7fB00	2q7fB00	5.233E+00	0.069	27	458	626	630	25	192	194	176	0.268	0.866
LOKIASV2_3321_ESMFold_hypothetical_protein	af_A0A0R0HQK4_270_474_1.25.40.10	af_A0A0R0HQK4_270_474_1.25.40.10	5.233E+00	0.069	27	458	621	630	2	160	205	181	0.260	0.776
LOKIASV2_3321_ESMFold_hypothetical_protein	af_B5DEL3_198_402_1.25.40.10	af_B5DEL3_198_402_1.25.40.10	6.880E+00	0.069	27	460	584	630	75	205	205	137	0.198	0.639
LOKIASV2_3321_ESMFold_hypothetical_protein	af_A0A1D6KMF8_36_252_1.25.40.10	af_A0A1D6KMF8_36_252_1.25.40.10	4.777E+00	0.069	27	478	627	630	59	211	217	160	0.238	0.705
LOKIASV2_3321_ESMFold_hypothetical_protein	af_I1JTR1_423_711_1.25.40.10	af_I1JTR1_423_711_1.25.40.10	3.633E+00	0.069	27	455	621	630	112	282	289	191	0.265	0.592
LOKIASV2_3321_ESMFold_hypothetical_protein	af_I1MRQ7_93_392_1.25.40.10	af_I1MRQ7_93_392_1.25.40.10	5.733E+00	0.069	27	461	618	630	99	257	300	181	0.251	0.530
LOKIASV2_3321_ESMFold_hypothetical_protein	af_Q23049_119_504_1.25.40.10	af_Q23049_119_504_1.25.40.10	2.892E+00	0.069	27	368	611	630	166	384	386	274	0.387	0.567
LOKIASV2_3321_ESMFold_hypothetical_protein	af_I1N4V8_628_731_1.25.40.10	af_I1N4V8_628_731_1.25.40.10	9.910E+00	0.063	26	488	583	630	8	99	104	104	0.152	0.885
LOKIASV2_3321_ESMFold_hypothetical_protein	af_A0A1D6PN23_598_708_1.25.40.10	af_A0A1D6PN23_598_708_1.25.40.10	8.257E+00	0.063	26	455	584	630	8	111	111	133	0.206	0.937
LOKIASV2_3321_ESMFold_hypothetical_protein	af_Q54SX4_394_510_1.25.40.10	af_Q54SX4_394_510_1.25.40.10	9.468E+00	0.063	26	460	582	630	9	111	117	123	0.195	0.880
LOKIASV2_3321_ESMFold_hypothetical_protein	af_Q99KD5_20_137_1.25.40.10	af_Q99KD5_20_137_1.25.40.10	9.468E+00	0.063	26	488	611	630	5	116	118	132	0.197	0.949
LOKIASV2_3321_ESMFold_hypothetical_protein	2xcbB00	2xcbB00	9.468E+00	0.063	26	455	585	630	12	132	132	143	0.208	0.917
LOKIASV2_3321_ESMFold_hypothetical_protein	af_Q4DBS5_151_292_1.25.40.10	af_Q4DBS5_151_292_1.25.40.10	7.201E+00	0.063	26	488	626	630	15	141	142	147	0.221	0.894
LOKIASV2_3321_ESMFold_hypothetical_protein	af_Q337M8_228_370_1.25.40.10	af_Q337M8_228_370_1.25.40.10	6.280E+00	0.063	26	466	624	630	12	142	143	168	0.252	0.916
LOKIASV2_3321_ESMFold_hypothetical_protein	af_Q9M0B2_95_239_1.25.40.10	af_Q9M0B2_95_239_1.25.40.10	6.574E+00	0.063	26	483	626	630	9	143	145	155	0.229	0.931
LOKIASV2_3321_ESMFold_hypothetical_protein	1ihgA02	1ihgA02	9.468E+00	0.063	26	459	582	630	26	136	145	132	0.197	0.766
LOKIASV2_3321_ESMFold_hypothetical_protein	af_Q7XIM1_84_232_1.25.40.10	af_Q7XIM1_84_232_1.25.40.10	6.574E+00	0.063	26	483	629	630	14	146	149	160	0.233	0.893
LOKIASV2_3321_ESMFold_hypothetical_protein	af_C0P692_426_576_1.25.40.10	af_C0P692_426_576_1.25.40.10	6.574E+00	0.063	26	446	582	630	25	115	151	138	0.217	0.603
LOKIASV2_3321_ESMFold_hypothetical_protein	af_Q5ACI8_217_369_1.25.40.10	af_Q5ACI8_217_369_1.25.40.10	8.643E+00	0.063	26	455	585	630	4	151	153	159	0.208	0.967
LOKIASV2_3321_ESMFold_hypothetical_protein	af_Q4DHE6_537_695_1.25.40.10	af_Q4DHE6_537_695_1.25.40.10	7.889E+00	0.063	26	465	629	630	3	156	159	172	0.262	0.969
LOKIASV2_3321_ESMFold_hypothetical_protein	af_A1Z6M6_81_245_1.25.40.10	af_A1Z6M6_81_245_1.25.40.10	5.477E+00	0.063	26	488	629	630	14	144	165	150	0.225	0.794
LOKIASV2_3321_ESMFold_hypothetical_protein	af_Q58741_7_182_1.25.40.10	af_Q58741_7_182_1.25.40.10	4.777E+00	0.063	26	455	621	630	9	169	176	195	0.265	0.915
LOKIASV2_3321_ESMFold_hypothetical_protein	af_A0A0M3HEL6_593_778_1.25.40.10	af_A0A0M3HEL6_593_778_1.25.40.10	6.574E+00	0.063	26	488	621	630	50	180	186	150	0.213	0.704
LOKIASV2_3321_ESMFold_hypothetical_protein	af_I1KBC8_111_338_1.25.40.10	af_I1KBC8_111_338_1.25.40.10	5.000E+00	0.063	26	427	621	630	15	207	228	208	0.310	0.846
LOKIASV2_3321_ESMFold_hypothetical_protein	af_Q54BW6_497_777_1.25.40.10	af_Q54BW6_497_777_1.25.40.10	5.733E+00	0.063	26	459	583	630	142	276	281	140	0.198	0.480
LOKIASV2_3321_ESMFold_hypothetical_protein	5nnrA01	5nnrA01	3.316E+00	0.063	26	411	623	630	15	231	486	242	0.338	0.447
LOKIASV2_3321_ESMFold_hypothetical_protein	af_Q9Y7X2_1_490_1.25.40.1040	af_Q9Y7X2_1_490_1.25.40.1040	5.000E+00	0.063	26	410	625	630	16	205	490	220	0.343	0.388
LOKIASV2_3321_ESMFold_hypothetical_protein	af_Q6YZI0_26_147_1.25.40.10	af_Q6YZI0_26_147_1.25.40.10	9.046E+00	0.057	25	488	612	630	12	121	122	127	0.198	0.902
LOKIASV2_3321_ESMFold_hypothetical_protein	af_A4HXP1_1_128_1.25.40.10	af_A4HXP1_1_128_1.25.40.10	9.468E+00	0.057	25	483	630	630	2	128	128	152	0.235	0.992
LOKIASV2_3321_ESMFold_hypothetical_protein	af_Q6ZM24_6_136_1.25.40.10	af_Q6ZM24_6_136_1.25.40.10	6.880E+00	0.057	25	488	624	630	8	129	131	152	0.217	0.931
LOKIASV2_3321_ESMFold_hypothetical_protein	af_Q4CRA7_120_253_1.25.40.10	af_Q4CRA7_120_253_1.25.40.10	7.538E+00	0.057	25	488	620	630	20	133	134	138	0.211	0.851
LOKIASV2_3321_ESMFold_hypothetical_protein	af_P39742_49_193_1.25.40.10	af_P39742_49_193_1.25.40.10	3.471E+00	0.057	25	488	627	630	13	144	145	155	0.222	0.910
LOKIASV2_3321_ESMFold_hypothetical_protein	af_F1RDA7_442_587_1.25.40.10	af_F1RDA7_442_587_1.25.40.10	6.000E+00	0.057	25	469	629	630	5	144	146	172	0.256	0.959
LOKIASV2_3321_ESMFold_hypothetical_protein	af_Q9V3X5_567_715_1.25.40.10	af_Q9V3X5_567_715_1.25.40.10	6.574E+00	0.057	25	456	621	630	4	132	149	171	0.263	0.866
LOKIASV2_3321_ESMFold_hypothetical_protein	af_A4IA01_550_699_1.25.40.10	af_A4IA01_550_699_1.25.40.10	7.201E+00	0.057	25	461	626	630	15	149	150	175	0.263	0.900
LOKIASV2_3321_ESMFold_hypothetical_protein	af_P33313_78_227_1.25.40.10	af_P33313_78_227_1.25.40.10	6.000E+00	0.057	25	488	629	630	9	147	150	150	0.225	0.927
LOKIASV2_3321_ESMFold_hypothetical_protein	af_Q96N46_296_466_1.25.40.10	af_Q96N46_296_466_1.25.40.10	6.574E+00	0.057	25	458	614	630	18	169	171	167	0.249	0.889
LOKIASV2_3321_ESMFold_hypothetical_protein	af_E7F211_221_422_1.25.40.10	af_E7F211_221_422_1.25.40.10	6.880E+00	0.057	25	460	624	630	69	201	202	170	0.262	0.658
LOKIASV2_3321_ESMFold_hypothetical_protein	af_I1KKM6_486_710_1.25.40.10	af_I1KKM6_486_710_1.25.40.10	9.910E+00	0.057	25	458	622	630	46	197	225	179	0.262	0.676
LOKIASV2_3321_ESMFold_hypothetical_protein	af_A0A0R0JTD7_1_236_1.25.40.10	af_A0A0R0JTD7_1_236_1.25.40.10	6.880E+00	0.057	25	465	624	630	68	233	236	177	0.254	0.703
LOKIASV2_3321_ESMFold_hypothetical_protein	af_Q9FJY7_287_536_1.25.40.10	af_Q9FJY7_287_536_1.25.40.10	9.468E+00	0.057	25	459	585	630	110	242	250	152	0.202	0.532
LOKIASV2_3321_ESMFold_hypothetical_protein	af_A0A1D6H6F9_287_548_1.25.40.10	af_A0A1D6H6F9_287_548_1.25.40.10	5.733E+00	0.057	25	472	626	630	100	257	262	175	0.246	0.603
LOKIASV2_3321_ESMFold_hypothetical_protein	af_Q5APB7_979_1241_1.25.40.10	af_Q5APB7_979_1241_1.25.40.10	6.880E+00	0.057	25	433	627	630	10	198	263	214	0.310	0.719
LOKIASV2_3321_ESMFold_hypothetical_protein	af_A0A0P0VPJ9_1_283_1.25.40.10	af_A0A0P0VPJ9_1_283_1.25.40.10	5.000E+00	0.057	25	414	626	630	33	281	283	254	0.338	0.880
LOKIASV2_3321_ESMFold_hypothetical_protein	af_Q03560_511_820_1.25.40.10	af_Q03560_511_820_1.25.40.10	3.980E+00	0.057	25	412	624	630	43	262	310	249	0.338	0.710
LOKIASV2_3321_ESMFold_hypothetical_protein	af_K7DY99_481_795_1.25.40.10	af_K7DY99_481_795_1.25.40.10	7.538E+00	0.057	25	454	611	630	15	175	315	180	0.251	0.511
LOKIASV2_3321_ESMFold_hypothetical_protein	af_A0A1D8PD15_43_410_1.25.40.570	af_A0A1D8PD15_43_410_1.25.40.570	3.980E+00	0.057	25	369	618	630	118	352	368	290	0.397	0.639
LOKIASV2_3321_ESMFold_hypothetical_protein	af_Q59LZ5_237_622_1.25.40.10	af_Q59LZ5_237_622_1.25.40.10	7.889E+00	0.057	25	411	584	630	97	272	386	191	0.276	0.456
LOKIASV2_3321_ESMFold_hypothetical_protein	af_I1KH61_2_503_1.25.40.1040	af_I1KH61_2_503_1.25.40.1040	3.803E+00	0.057	25	367	615	630	129	352	502	269	0.395	0.446
LOKIASV2_3321_ESMFold_hypothetical_protein	af_Q96301_24_156_1.25.40.10	af_Q96301_24_156_1.25.40.10	9.468E+00	0.051	24	486	612	630	21	132	133	129	0.202	0.842
LOKIASV2_3321_ESMFold_hypothetical_protein	af_A4HRQ4_140_274_1.25.40.10	af_A4HRQ4_140_274_1.25.40.10	6.000E+00	0.051	24	488	621	630	5	134	135	152	0.213	0.963
LOKIASV2_3321_ESMFold_hypothetical_protein	af_Q06AN9_1_156_1.25.40.10	af_Q06AN9_1_156_1.25.40.10	9.910E+00	0.051	24	488	627	630	6	138	156	148	0.222	0.853
LOKIASV2_3321_ESMFold_hypothetical_protein	af_H2KYB6_793_957_1.25.40.10	af_H2KYB6_793_957_1.25.40.10	4.777E+00	0.051	24	488	621	630	19	157	165	155	0.213	0.842
LOKIASV2_3321_ESMFold_hypothetical_protein	af_P17883_407_573_1.25.40.10	af_P17883_407_573_1.25.40.10	8.643E+00	0.051	24	420	583	630	2	162	167	189	0.260	0.964
LOKIASV2_3321_ESMFold_hypothetical_protein	af_A0A1D8PIF8_384_564_3.30.160.270	af_A0A1D8PIF8_384_564_3.30.160.270	7.201E+00	0.051	24	32	94	630	108	175	181	76	0.100	0.376
LOKIASV2_3321_ESMFold_hypothetical_protein	af_Q8IIR0_651_848_1.25.40.10	af_Q8IIR0_651_848_1.25.40.10	7.538E+00	0.051	24	434	629	630	4	195	198	223	0.311	0.970
LOKIASV2_3321_ESMFold_hypothetical_protein	af_D3ZNI3_1677_1875_1.25.40.10	af_D3ZNI3_1677_1875_1.25.40.10	7.538E+00	0.051	24	460	629	630	2	173	199	193	0.270	0.864
LOKIASV2_3321_ESMFold_hypothetical_protein	af_C4J4C0_356_565_1.25.40.10	af_C4J4C0_356_565_1.25.40.10	8.643E+00	0.051	24	478	626	630	30	175	210	157	0.237	0.695
LOKIASV2_3321_ESMFold_hypothetical_protein	af_A0A1D6KMF8_253_467_1.25.40.10	af_A0A1D6KMF8_253_467_1.25.40.10	8.257E+00	0.051	24	488	621	630	37	164	215	150	0.213	0.595
LOKIASV2_3321_ESMFold_hypothetical_protein	af_Q75JW7_389_606_1.25.40.10	af_Q75JW7_389_606_1.25.40.10	9.910E+00	0.051	24	488	628	630	5	136	218	150	0.224	0.606
LOKIASV2_3321_ESMFold_hypothetical_protein	af_K7KLL1_108_335_1.25.40.10	af_K7KLL1_108_335_1.25.40.10	5.000E+00	0.051	24	406	621	630	7	210	228	232	0.343	0.895
LOKIASV2_3321_ESMFold_hypothetical_protein	af_Q4CZM3_196_429_1.25.40.10	af_Q4CZM3_196_429_1.25.40.10	5.000E+00	0.051	24	456	619	630	15	198	234	199	0.260	0.786
LOKIASV2_3321_ESMFold_hypothetical_protein	af_O76630_12_269_1.25.40.10	af_O76630_12_269_1.25.40.10	7.201E+00	0.051	24	445	624	630	105	256	258	184	0.286	0.589
LOKIASV2_3321_ESMFold_hypothetical_protein	af_Q54Y92_524_803_1.25.40.10	af_Q54Y92_524_803_1.25.40.10	6.880E+00	0.051	24	455	626	630	117	277	280	188	0.273	0.575
LOKIASV2_3321_ESMFold_hypothetical_protein	2c0lA00	2c0lA00	8.257E+00	0.051	24	488	624	630	38	172	292	146	0.217	0.462
LOKIASV2_3321_ESMFold_hypothetical_protein	2c0mF00	2c0mF00	3.803E+00	0.051	24	444	621	630	6	213	302	226	0.283	0.689
LOKIASV2_3321_ESMFold_hypothetical_protein	af_O94048_239_331_3.30.160.40	af_O94048_239_331_3.30.160.40	8.643E+00	0.045	23	34	83	630	8	56	93	53	0.079	0.527
LOKIASV2_3321_ESMFold_hypothetical_protein	5fzsA00	5fzsA00	8.643E+00	0.045	23	455	584	630	6	105	107	134	0.206	0.935
LOKIASV2_3321_ESMFold_hypothetical_protein	af_F1RBN2_125_252_1.25.40.10	af_F1RBN2_125_252_1.25.40.10	9.046E+00	0.045	23	488	617	630	4	126	128	140	0.206	0.961
LOKIASV2_3321_ESMFold_hypothetical_protein	af_Q7XQA0_117_250_1.25.40.10	af_Q7XQA0_117_250_1.25.40.10	7.889E+00	0.045	23	487	628	630	7	133	134	152	0.225	0.948
LOKIASV2_3321_ESMFold_hypothetical_protein	af_Q9VVQ4_129_262_1.25.40.10	af_Q9VVQ4_129_262_1.25.40.10	7.889E+00	0.045	23	460	583	630	5	131	134	141	0.197	0.948
LOKIASV2_3321_ESMFold_hypothetical_protein	af_Q7XRB1_93_233_1.25.40.10	af_Q7XRB1_93_233_1.25.40.10	7.538E+00	0.045	23	483	623	630	10	136	141	154	0.224	0.901
LOKIASV2_3321_ESMFold_hypothetical_protein	af_Q4DM85_268_422_1.25.40.10	af_Q4DM85_268_422_1.25.40.10	5.733E+00	0.045	23	479	629	630	6	151	155	174	0.240	0.942
LOKIASV2_3321_ESMFold_hypothetical_protein	af_Q7JVW5_386_545_1.25.40.10	af_Q7JVW5_386_545_1.25.40.10	7.889E+00	0.045	23	444	591	630	1	159	160	176	0.235	0.994
LOKIASV2_3321_ESMFold_hypothetical_protein	af_A4IAF6_481_657_1.25.40.10	af_A4IAF6_481_657_1.25.40.10	6.000E+00	0.045	23	487	629	630	1	161	177	174	0.227	0.910
LOKIASV2_3321_ESMFold_hypothetical_protein	af_Q4DYR9_222_406_1.25.40.10	af_Q4DYR9_222_406_1.25.40.10	9.910E+00	0.045	23	459	630	630	12	185	185	204	0.273	0.941
LOKIASV2_3321_ESMFold_hypothetical_protein	af_D4A513_537_772_1.25.40.10	af_D4A513_537_772_1.25.40.10	4.360E+00	0.045	23	410	626	630	21	233	236	233	0.344	0.903
LOKIASV2_3321_ESMFold_hypothetical_protein	af_B0S6W0_435_737_1.25.40.10	af_B0S6W0_435_737_1.25.40.10	4.166E+00	0.045	23	293	619	630	11	272	303	352	0.519	0.865
LOKIASV2_3321_ESMFold_hypothetical_protein	af_P89105_271_578_1.25.40.10	af_P89105_271_578_1.25.40.10	5.477E+00	0.045	23	422	625	630	4	224	308	242	0.324	0.718
LOKIASV2_3321_ESMFold_hypothetical_protein	af_P91189_24_376_1.25.40.10	af_P91189_24_376_1.25.40.10	3.633E+00	0.045	23	368	621	630	87	330	353	288	0.403	0.691
LOKIASV2_3321_ESMFold_hypothetical_protein	af_Q9VHA8_41_393_1.25.40.10	af_Q9VHA8_41_393_1.25.40.10	6.574E+00	0.045	23	431	621	630	2	179	353	214	0.303	0.504
LOKIASV2_3321_ESMFold_hypothetical_protein	af_K7L0R8_47_112_2.60.40.1820	af_K7L0R8_47_112_2.60.40.1820	9.910E+00	0.040	22	241	307	630	2	66	66	76	0.106	0.985
LOKIASV2_3321_ESMFold_hypothetical_protein	4j8eB00	4j8eB00	9.910E+00	0.040	22	440	583	630	12	113	119	150	0.229	0.857
LOKIASV2_3321_ESMFold_hypothetical_protein	af_Q6IQL7_221_371_1.25.40.10	af_Q6IQL7_221_371_1.25.40.10	7.201E+00	0.040	22	488	629	630	6	149	151	162	0.225	0.954
LOKIASV2_3321_ESMFold_hypothetical_protein	af_Q7K3D4_192_350_1.25.40.10	af_Q7K3D4_192_350_1.25.40.10	6.280E+00	0.040	22	488	629	630	4	157	159	174	0.225	0.969
LOKIASV2_3321_ESMFold_hypothetical_protein	af_O60184_398_562_1.25.40.10	af_O60184_398_562_1.25.40.10	9.046E+00	0.040	22	445	611	630	1	158	165	188	0.265	0.958
LOKIASV2_3321_ESMFold_hypothetical_protein	af_P50502_74_248_1.25.40.10	af_P50502_74_248_1.25.40.10	5.233E+00	0.040	22	440	629	630	34	171	175	197	0.302	0.789
LOKIASV2_3321_ESMFold_hypothetical_protein	af_Q2R7H8_348_560_1.25.40.10	af_Q2R7H8_348_560_1.25.40.10	9.910E+00	0.040	22	444	630	630	3	195	213	212	0.297	0.906
LOKIASV2_3321_ESMFold_hypothetical_protein	af_A0A0R0HQK4_45_269_1.25.40.10	af_A0A0R0HQK4_45_269_1.25.40.10	8.643E+00	0.040	22	478	627	630	63	215	225	163	0.238	0.680
LOKIASV2_3321_ESMFold_hypothetical_protein	af_I1KMR2_154_385_1.25.40.10	af_I1KMR2_154_385_1.25.40.10	8.643E+00	0.040	22	456	622	630	6	159	232	185	0.265	0.664
LOKIASV2_3321_ESMFold_hypothetical_protein	af_Q54RZ3_383_662_1.25.40.10	af_Q54RZ3_383_662_1.25.40.10	8.257E+00	0.040	22	445	621	630	10	193	280	216	0.281	0.657
LOKIASV2_3321_ESMFold_hypothetical_protein	af_Q9V3W1_49_399_1.25.40.10	af_Q9V3W1_49_399_1.25.40.10	6.574E+00	0.040	22	411	630	630	124	351	351	261	0.349	0.650
LOKIASV2_3321_ESMFold_hypothetical_protein	af_Q4D7D9_38_411_1.25.40.10	af_Q4D7D9_38_411_1.25.40.10	9.468E+00	0.040	22	367	624	630	90	303	374	276	0.410	0.572
LOKIASV2_3321_ESMFold_hypothetical_protein	af_Q1L5Z9_195_311_1.25.40.10	af_Q1L5Z9_195_311_1.25.40.10	7.538E+00	0.034	21	455	613	630	6	116	117	160	0.252	0.949
LOKIASV2_3321_ESMFold_hypothetical_protein	af_F4K0Y5_595_738_1.25.40.10	af_F4K0Y5_595_738_1.25.40.10	7.538E+00	0.034	21	483	620	630	12	143	144	148	0.219	0.917
LOKIASV2_3321_ESMFold_hypothetical_protein	af_Q9C650_1_152_1.25.40.10	af_Q9C650_1_152_1.25.40.10	9.046E+00	0.034	21	483	630	630	8	152	152	159	0.235	0.954
LOKIASV2_3321_ESMFold_hypothetical_protein	af_A4HYI1_279_432_1.25.40.10	af_A4HYI1_279_432_1.25.40.10	9.910E+00	0.034	21	483	629	630	6	147	154	165	0.233	0.922
LOKIASV2_3321_ESMFold_hypothetical_protein	af_D3YVL2_555_771_1.25.40.10	af_D3YVL2_555_771_1.25.40.10	5.477E+00	0.034	21	410	626	630	3	215	217	232	0.344	0.982
LOKIASV2_3321_ESMFold_hypothetical_protein	af_Q9C9S0_158_513_1.25.40.10	af_Q9C9S0_158_513_1.25.40.10	6.000E+00	0.034	21	403	622	630	95	334	356	261	0.349	0.674
LOKIASV2_3321_ESMFold_hypothetical_protein	af_B4F8Q0_201_561_1.25.40.10	af_B4F8Q0_201_561_1.25.40.10	7.201E+00	0.034	21	342	629	630	90	347	361	326	0.457	0.715
LOKIASV2_3321_ESMFold_hypothetical_protein	3pe3A01	3pe3A01	8.643E+00	0.029	20	487	621	630	8	95	107	137	0.214	0.822
LOKIASV2_3321_ESMFold_hypothetical_protein	af_A4IC14_209_354_1.25.40.10	af_A4IC14_209_354_1.25.40.10	8.257E+00	0.029	20	487	629	630	4	143	146	162	0.227	0.959
LOKIASV2_3321_ESMFold_hypothetical_protein	af_Q1LUQ2_10_162_1.25.40.780	af_Q1LUQ2_10_162_1.25.40.780	9.046E+00	0.029	20	467	614	630	9	151	153	162	0.235	0.935
LOKIASV2_3321_ESMFold_hypothetical_protein	af_I1KDK4_178_532_3.40.50.2000	af_I1KDK4_178_532_3.40.50.2000	5.477E+00	0.029	20	311	613	630	117	354	355	318	0.481	0.670
LOKIASV2_3321_ESMFold_hypothetical_protein	af_O14217_249_623_1.25.40.10	af_O14217_249_623_1.25.40.10	9.046E+00	0.029	20	367	630	630	152	375	375	275	0.419	0.597
LOKIASV2_3321_ESMFold_hypothetical_protein	af_P41842_296_708_1.25.40.10	af_P41842_296_708_1.25.40.10	8.257E+00	0.029	20	367	615	630	74	271	413	262	0.395	0.479
LOKIASV2_3321_ESMFold_hypothetical_protein	af_Q9VWI2_3_501_1.25.40.1040	af_Q9VWI2_3_501_1.25.40.1040	9.910E+00	0.029	20	411	624	630	18	215	499	229	0.340	0.397
LOKIASV2_3321_ESMFold_hypothetical_protein	af_Q4E5S8_1_139_1.25.40.10	af_Q4E5S8_1_139_1.25.40.10	9.046E+00	0.024	19	488	624	630	4	136	139	150	0.217	0.957
LOKIASV2_3321_ESMFold_hypothetical_protein	af_A3QK11_178_323_1.25.40.10	af_A3QK11_178_323_1.25.40.10	7.538E+00	0.024	19	486	629	630	1	140	146	164	0.229	0.959
LOKIASV2_3321_ESMFold_hypothetical_protein	af_Q9N3E0_22_377_1.25.40.10	af_Q9N3E0_22_377_1.25.40.10	8.257E+00	0.024	19	368	621	630	108	333	356	270	0.403	0.635
LOKIASV2_3321_ESMFold_hypothetical_protein	af_O62246_3_290_1.25.40.10	af_O62246_3_290_1.25.40.10	8.643E+00	0.020	18	342	629	630	18	278	288	317	0.457	0.906
LOKIASV2_3321_ESMFold_hypothetical_protein	af_K7K5N8_6_298_1.25.40.10	af_K7K5N8_6_298_1.25.40.10	9.468E+00	0.020	18	369	620	630	93	286	293	269	0.400	0.662
LOKIASV2_3321_ESMFold_hypothetical_protein	af_Q9VVM8_313_702_1.25.40.10	af_Q9VVM8_313_702_1.25.40.10	8.257E+00	0.020	18	300	614	630	45	294	390	337	0.500	0.641
LOKIASV2_3321_ESMFold_hypothetical_protein	af_Q4DA42_4_488_1.25.40.10	af_Q4DA42_4_488_1.25.40.10	2.892E+00	0.020	18	96	583	630	138	481	485	537	0.775	0.709
LOKIASV2_3321_ESMFold_hypothetical_protein	af_I1J657_5_133_1.20.5.4130	af_I1J657_5_133_1.20.5.4130	9.910E+00	0.014	16	496	621	630	4	127	129	133	0.200	0.961
LOKIASV2_3321_ESMFold_hypothetical_protein	af_Q2PDP5_360_508_1.25.40.10	af_Q2PDP5_360_508_1.25.40.10	8.643E+00	0.014	16	466	621	630	48	148	149	156	0.248	0.678
LOKIASV2_3321_ESMFold_hypothetical_protein	af_Q5A5P4_506_861_1.25.40.10	af_Q5A5P4_506_861_1.25.40.10	7.201E+00	0.014	16	461	627	630	2	143	356	186	0.265	0.399
